ship_capacity,initial_resources,resource_gen_rate,weight_mean,weight_std,success_rate,avg_resources_mean,avg_resources_std,final_pop_mean,final_pop_std,efficiency_ratio
1050,90000,95.0,65466.45,1647.38,0.0,12966.45,1647.38,0.0,0.0,0.0
1050,90000,96.0,65708.08,1686.36,0.0,13208.08,1686.36,0.0,0.0,0.0
1050,90000,97.0,65893.13,1782.96,0.0,13393.13,1782.96,0.0,0.0,0.0
1050,90000,98.0,66236.16,1810.58,0.0,13736.16,1810.58,0.0,0.0,0.0
1050,90000,99.0,66375.75,1913.44,0.0,13875.75,1913.44,0.0,0.0,0.0
1050,90000,100.0,66389.39,2068.42,2.0,13889.39,2068.42,0.04,0.28,3.0125295623291614e-05
1050,90000,101.0,67111.17,2464.57,25.0,14611.17,2464.57,0.92,2.66,0.0003725162294145669
1050,90000,102.0,70190.24,3607.2,89.0,17690.24,3607.2,7.78,6.81,0.0012679825571190525
1050,90000,103.0,78154.29,6476.63,100.0,25654.29,6476.63,30.16,20.5,0.0012795202924881029
1050,90000,104.0,92593.68,10908.62,100.0,40093.68,10908.62,118.97,87.35,0.0010799873166289537
1050,90000,105.0,115580.62,13276.27,100.0,63080.62,13276.27,387.5,211.96,0.000865196950838298
1050,95000,95.0,65500.86,1508.16,0.0,13000.86,1508.16,0.0,0.0,0.0
1050,95000,96.0,65804.11,1630.26,0.0,13304.11,1630.26,0.0,0.0,0.0
1050,95000,97.0,65911.65,1731.67,0.0,13411.65,1731.67,0.0,0.0,0.0
1050,95000,98.0,66353.27,1886.45,0.0,13853.27,1886.45,0.0,0.0,0.0
1050,95000,99.0,66538.67,2116.84,0.0,14038.67,2116.84,0.0,0.0,0.0
1050,95000,100.0,66431.5,2242.05,1.0,13931.5,2242.05,0.03,0.3,1.5053099809578288e-05
1050,95000,101.0,67009.14,2399.29,25.0,14509.14,2399.29,1.01,2.97,0.00037308343309584333
1050,95000,102.0,70257.5,3476.36,88.0,17757.5,3476.36,7.98,6.6,0.0012525353165142512
1050,95000,103.0,77805.22,5893.84,100.0,25305.22,5893.84,30.56,21.93,0.0012852608089791405
1050,95000,104.0,92171.85,9852.73,100.0,39671.85,9852.73,119.16,86.29,0.0010849299433612323
1050,95000,105.0,116439.75,12920.82,100.0,63939.75,12920.82,390.19,211.06,0.000858813248911991
1050,100000,95.0,65516.72,1507.81,0.0,13016.72,1507.81,0.0,0.0,0.0
1050,100000,96.0,65818.47,1630.8,0.0,13318.47,1630.8,0.0,0.0,0.0
1050,100000,97.0,65924.29,1731.65,0.0,13424.29,1731.65,0.0,0.0,0.0
1050,100000,98.0,66364.52,1886.45,0.0,13864.52,1886.45,0.0,0.0,0.0
1050,100000,99.0,66548.17,2116.81,0.0,14048.17,2116.81,0.0,0.0,0.0
1050,100000,100.0,66439.61,2242.38,1.0,13939.61,2242.38,0.03,0.3,1.5051262341846979e-05
1050,100000,101.0,67020.63,2406.46,25.0,14520.63,2406.46,1.01,2.97,0.0003730194717656339
1050,100000,102.0,70263.55,3476.57,88.0,17763.55,3476.57,7.98,6.6,0.0012524274677268655
1050,100000,103.0,77858.06,5888.97,100.0,25358.06,5888.97,30.63,22.0,0.0012843885398634387
1050,100000,104.0,92340.91,9966.24,100.0,39840.91,9966.24,120.22,88.29,0.0010829436270446112
1050,100000,105.0,116312.35,12868.05,100.0,63812.35,12868.05,392.12,215.33,0.000859753929827744
1050,105000,95.0,65519.21,1508.76,0.0,13019.21,1508.76,0.0,0.0,0.0
1050,105000,96.0,65820.69,1631.23,0.0,13320.69,1631.23,0.0,0.0,0.0
1050,105000,97.0,65926.25,1732.14,0.0,13426.25,1732.14,0.0,0.0,0.0
1050,105000,98.0,66366.19,1886.61,0.0,13866.19,1886.61,0.0,0.0,0.0
1050,105000,99.0,66549.59,2116.96,0.0,14049.59,2116.96,0.0,0.0,0.0
1050,105000,100.0,66440.79,2242.61,1.0,13940.79,2242.61,0.03,0.3,1.5050995028806854e-05
1050,105000,101.0,67021.65,2406.6,25.0,14521.65,2406.6,1.01,2.97,0.00037301379479615917
1050,105000,102.0,70264.46,3476.6,88.0,17764.46,3476.6,7.98,6.6,0.001252411247449991
1050,105000,103.0,77859.01,5888.9,100.0,25359.01,5888.9,30.63,22.0,0.0012843728683424051
1050,105000,104.0,92342.14,9966.44,100.0,39842.14,9966.44,120.22,88.29,0.0010829292022038908
1050,105000,105.0,116339.08,12939.18,100.0,63839.08,12939.18,390.16,213.8,0.0008595563932601152
1050,110000,95.0,65540.61,1509.51,0.0,13040.61,1509.51,0.0,0.0,0.0
1050,110000,96.0,65840.16,1632.32,0.0,13340.16,1632.32,0.0,0.0,0.0
1050,110000,97.0,65953.25,1746.5,0.0,13453.25,1746.5,0.0,0.0,0.0
1050,110000,98.0,66385.75,1885.83,0.0,13885.75,1885.83,0.0,0.0,0.0
1050,110000,99.0,66558.72,2117.73,0.0,14058.72,2117.73,0.0,0.0,0.0
1050,110000,100.0,66466.05,2232.0,1.0,13966.05,2232.0,0.03,0.3,1.5045274993775017e-05
1050,110000,101.0,66996.12,2435.17,26.0,14496.12,2435.17,1.02,2.97,0.00038808217550508897
1050,110000,102.0,70243.08,3464.12,88.0,17743.08,3464.12,7.78,6.49,0.0012527924458893317
1050,110000,103.0,77928.92,5968.11,100.0,25428.92,5968.11,31.07,22.8,0.0012832206580047562
1050,110000,104.0,92182.5,9917.39,100.0,39682.5,9917.39,119.39,87.47,0.0010848045995715022
1050,110000,105.0,116390.61,12945.52,100.0,63890.61,12945.52,390.0,212.46,0.00085917583901313
1050,115000,95.0,65579.61,1509.2,0.0,13079.61,1509.2,0.0,0.0,0.0
1050,115000,96.0,65854.49,1614.28,0.0,13354.49,1614.28,0.0,0.0,0.0
1050,115000,97.0,66005.32,1730.52,0.0,13505.32,1730.52,0.0,0.0,0.0
1050,115000,98.0,66430.0,1886.5,0.0,13930.0,1886.5,0.0,0.0,0.0
1050,115000,99.0,66618.84,2074.68,0.0,14118.84,2074.68,0.0,0.0,0.0
1050,115000,100.0,66453.39,2211.73,1.0,13953.39,2211.73,0.03,0.3,1.5048141261115498e-05
1050,115000,101.0,67060.89,2444.27,28.0,14560.89,2444.27,1.09,2.86,0.00041753099310194063
1050,115000,102.0,70266.62,3483.83,88.0,17766.62,3483.83,7.7,6.35,0.001252372748255146
1050,115000,103.0,77992.1,5854.75,100.0,25492.1,5854.75,31.32,22.11,0.0012821811439876602
1050,115000,104.0,92365.2,9931.09,100.0,39865.2,9931.09,119.48,87.86,0.0010826588368779584
1050,115000,105.0,115914.95,12768.44,100.0,63414.95,12768.44,384.05,207.1,0.0008627014893247162
1050,120000,95.0,65680.31,1518.29,0.0,13180.31,1518.29,0.0,0.0,0.0
1050,120000,96.0,65958.5,1564.61,0.0,13458.5,1564.61,0.0,0.0,0.0
1050,120000,97.0,66036.82,1768.03,0.0,13536.82,1768.03,0.0,0.0,0.0
1050,120000,98.0,66546.42,1801.62,0.0,14046.42,1801.62,0.0,0.0,0.0
1050,120000,99.0,66743.4,2033.82,0.0,14243.4,2033.82,0.0,0.0,0.0
1050,120000,100.0,66498.83,2188.15,1.0,13998.83,2188.15,0.03,0.3,1.5037858560819792e-05
1050,120000,101.0,67128.3,2475.52,27.0,14628.3,2475.52,1.0,2.61,0.0004022148631799107
1050,120000,102.0,70411.5,3640.87,86.0,17911.5,3640.87,7.94,6.87,0.0012213913920311314
1050,120000,103.0,78128.71,5903.29,100.0,25628.71,5903.29,30.82,21.92,0.0012799392182464037
1050,120000,104.0,92704.28,10071.16,100.0,40204.28,10071.16,122.71,88.87,0.0010786988475612993
1050,120000,105.0,115945.31,12860.68,100.0,63445.31,12860.68,384.68,209.1,0.000862475593018812
1050,125000,95.0,65765.75,1512.48,0.0,13265.75,1512.48,0.0,0.0,0.0
1050,125000,96.0,66014.65,1597.57,0.0,13514.65,1597.57,0.0,0.0,0.0
1050,125000,97.0,66157.76,1802.19,0.0,13657.76,1802.19,0.0,0.0,0.0
1050,125000,98.0,66568.29,1831.78,0.0,14068.29,1831.78,0.0,0.0,0.0
1050,125000,99.0,66650.52,2027.94,0.0,14150.52,2027.94,0.0,0.0,0.0
1050,125000,100.0,66546.18,2191.27,1.0,14046.18,2191.27,0.03,0.3,1.5027158583708338e-05
1050,125000,101.0,67310.3,2510.02,28.0,14810.3,2510.02,1.0,2.4,0.0004159838835958241
1050,125000,102.0,70369.13,3640.06,87.0,17869.13,3640.06,7.53,6.57,0.0012363375815503189
1050,125000,103.0,78226.24,5992.75,100.0,25726.24,5992.75,31.66,22.32,0.0012783434305419766
1050,125000,104.0,92686.97,9922.83,100.0,40186.97,9922.83,121.05,84.99,0.001078900302814948
1050,125000,105.0,115963.38,12485.27,100.0,63463.38,12485.27,377.83,209.03,0.0008623411977125882
1050,130000,95.0,65894.91,1562.21,0.0,13394.91,1562.21,0.0,0.0,0.0
1050,130000,96.0,66125.16,1607.86,0.0,13625.16,1607.86,0.0,0.0,0.0
1050,130000,97.0,66284.45,1742.32,0.0,13784.45,1742.32,0.0,0.0,0.0
1050,130000,98.0,66612.86,1803.58,0.0,14112.86,1803.58,0.0,0.0,0.0
1050,130000,99.0,66751.89,2022.32,0.0,14251.89,2022.32,0.0,0.0,0.0
1050,130000,100.0,66662.64,2096.18,1.0,14162.64,2096.18,0.03,0.3,1.5000906054725705e-05
1050,130000,101.0,67287.97,2509.1,27.0,14787.97,2509.1,0.98,2.16,0.0004012604333285727
1050,130000,102.0,70390.05,3645.9,86.0,17890.05,3645.9,7.3,6.33,0.0012217635873251972
1050,130000,103.0,78265.03,5850.06,100.0,25765.03,5850.06,31.62,21.37,0.0012777098533022985
1050,130000,104.0,92658.91,9561.15,100.0,40158.91,9561.15,120.87,85.56,0.0010792270273846302
1050,130000,105.0,115961.03,12640.5,100.0,63461.03,12640.5,379.08,211.22,0.0008623586734267538
1075,90000,95.0,66716.45,1647.38,0.0,12966.45,1647.38,0.0,0.0,0.0
1075,90000,96.0,66958.08,1686.36,0.0,13208.08,1686.36,0.0,0.0,0.0
1075,90000,97.0,67143.13,1782.96,0.0,13393.13,1782.96,0.0,0.0,0.0
1075,90000,98.0,67486.16,1810.58,0.0,13736.16,1810.58,0.0,0.0,0.0
1075,90000,99.0,67620.8,1911.85,0.0,13870.8,1911.85,0.0,0.0,0.0
1075,90000,100.0,67616.5,2049.53,2.0,13866.5,2049.53,0.04,0.28,2.9578579192948465e-05
1075,90000,101.0,68394.92,2471.75,26.0,14644.92,2471.75,0.95,2.68,0.0003801451920698204
1075,90000,102.0,71474.65,3627.9,88.0,17724.65,3627.9,7.64,6.6,0.0012312057491712099
1075,90000,103.0,79414.98,6365.04,100.0,25664.98,6365.04,29.78,19.79,0.0012592082753153122
1075,90000,104.0,94553.11,11285.26,100.0,40803.11,11285.26,123.37,91.62,0.0010576066720597557
1075,90000,105.0,117505.15,14087.03,100.0,63755.15,14087.03,379.63,206.19,0.0008510265294755167
1075,95000,95.0,66750.86,1508.16,0.0,13000.86,1508.16,0.0,0.0,0.0
1075,95000,96.0,67054.11,1630.26,0.0,13304.11,1630.26,0.0,0.0,0.0
1075,95000,97.0,67161.65,1731.67,0.0,13411.65,1731.67,0.0,0.0,0.0
1075,95000,98.0,67603.27,1886.45,0.0,13853.27,1886.45,0.0,0.0,0.0
1075,95000,99.0,67788.67,2116.84,0.0,14038.67,2116.84,0.0,0.0,0.0
1075,95000,100.0,67681.5,2242.05,1.0,13931.5,2242.05,0.03,0.3,1.4775086249565981e-05
1075,95000,101.0,68259.14,2399.29,25.0,14509.14,2399.29,1.01,2.97,0.00036625131813849396
1075,95000,102.0,71570.17,3626.2,88.0,17820.17,3626.2,8.07,6.64,0.0012295625398123268
1075,95000,103.0,79234.63,6103.85,100.0,25484.63,6103.85,31.18,22.36,0.001262074423771525
1075,95000,104.0,93868.07,10265.38,100.0,40118.07,10265.38,124.04,93.27,0.0010653249821797762
1075,95000,105.0,118643.94,13540.29,100.0,64893.94,13540.29,390.42,214.06,0.0008428580507356718
1075,100000,95.0,66766.72,1507.81,0.0,13016.72,1507.81,0.0,0.0,0.0
1075,100000,96.0,67068.47,1630.8,0.0,13318.47,1630.8,0.0,0.0,0.0
1075,100000,97.0,67174.29,1731.65,0.0,13424.29,1731.65,0.0,0.0,0.0
1075,100000,98.0,67614.52,1886.45,0.0,13864.52,1886.45,0.0,0.0,0.0
1075,100000,99.0,67798.17,2116.81,0.0,14048.17,2116.81,0.0,0.0,0.0
1075,100000,100.0,67689.61,2242.38,1.0,13939.61,2242.38,0.03,0.3,1.4773316022946505e-05
1075,100000,101.0,68270.63,2406.46,25.0,14520.63,2406.46,1.01,2.97,0.0003661896777574778
1075,100000,102.0,71576.22,3626.41,88.0,17826.22,3626.41,8.07,6.64,0.0012294586106950044
1075,100000,103.0,79266.96,6115.55,100.0,25516.96,6115.55,31.22,22.45,0.001261559671267827
1075,100000,104.0,94003.12,10366.75,100.0,40253.12,10366.75,124.79,94.06,0.0010637944783109328
1075,100000,105.0,118514.93,13309.89,100.0,64764.93,13309.89,391.13,212.63,0.0008437755479415125
1075,105000,95.0,66769.21,1508.76,0.0,13019.21,1508.76,0.0,0.0,0.0
1075,105000,96.0,67070.69,1631.23,0.0,13320.69,1631.23,0.0,0.0,0.0
1075,105000,97.0,67176.25,1732.14,0.0,13426.25,1732.14,0.0,0.0,0.0
1075,105000,98.0,67616.19,1886.61,0.0,13866.19,1886.61,0.0,0.0,0.0
1075,105000,99.0,67799.59,2116.96,0.0,14049.59,2116.96,0.0,0.0,0.0
1075,105000,100.0,67690.79,2242.61,1.0,13940.79,2242.61,0.03,0.3,1.4773058491413679e-05
1075,105000,101.0,68271.65,2406.6,25.0,14521.65,2406.6,1.01,2.97,0.0003661842067681095
1075,105000,102.0,71577.13,3626.41,88.0,17827.13,3626.41,8.07,6.64,0.001229442979901541
1075,105000,103.0,79267.91,6115.46,100.0,25517.91,6115.46,31.22,22.45,0.0012615445518873905
1075,105000,104.0,94004.35,10367.04,100.0,40254.35,10367.04,124.79,94.06,0.0010637805590911484
1075,105000,105.0,118563.75,13369.96,100.0,64813.75,13369.96,389.96,212.7,0.0008434281135675954
1075,110000,95.0,66790.61,1509.51,0.0,13040.61,1509.51,0.0,0.0,0.0
1075,110000,96.0,67090.16,1632.32,0.0,13340.16,1632.32,0.0,0.0,0.0
1075,110000,97.0,67203.25,1746.5,0.0,13453.25,1746.5,0.0,0.0,0.0
1075,110000,98.0,67635.75,1885.83,0.0,13885.75,1885.83,0.0,0.0,0.0
1075,110000,99.0,67808.72,2117.73,0.0,14058.72,2117.73,0.0,0.0,0.0
1075,110000,100.0,67716.05,2232.0,1.0,13966.05,2232.0,0.03,0.3,1.476754772317641e-05
1075,110000,101.0,68246.12,2435.17,26.0,14496.12,2435.17,1.02,2.97,0.00038097403925673725
1075,110000,102.0,71555.75,3614.96,88.0,17805.75,3614.96,7.87,6.54,0.0012298103227203964
1075,110000,103.0,79363.36,6173.01,100.0,25613.36,6173.01,31.41,22.6,0.0012600272972313673
1075,110000,104.0,93906.61,10421.04,100.0,40156.61,10421.04,123.66,92.12,0.0010648877645567229
1075,110000,105.0,118696.74,13369.45,100.0,64946.74,13369.45,390.7,212.04,0.0008424831212719068
1075,115000,95.0,66829.61,1509.2,0.0,13079.61,1509.2,0.0,0.0,0.0
1075,115000,96.0,67104.49,1614.28,0.0,13354.49,1614.28,0.0,0.0,0.0
1075,115000,97.0,67255.32,1730.52,0.0,13505.32,1730.52,0.0,0.0,0.0
1075,115000,98.0,67680.0,1886.5,0.0,13930.0,1886.5,0.0,0.0,0.0
1075,115000,99.0,67868.84,2074.68,0.0,14118.84,2074.68,0.0,0.0,0.0
1075,115000,100.0,67703.39,2211.73,1.0,13953.39,2211.73,0.03,0.3,1.4770309138139169e-05
1075,115000,101.0,68310.89,2444.27,28.0,14560.89,2444.27,1.09,2.86,0.00040989072166970744
1075,115000,102.0,71579.29,3633.56,88.0,17829.29,3633.56,7.79,6.4,0.0012294058798292078
1075,115000,103.0,79460.32,6143.78,100.0,25710.32,6143.78,32.15,22.91,0.0012584897720019248
1075,115000,104.0,94124.88,10434.21,100.0,40374.88,10434.21,122.89,92.47,0.0010624183531495605
1075,115000,105.0,118455.89,13459.94,100.0,64705.89,13459.94,389.27,213.47,0.0008441960969606492
1075,120000,95.0,66930.31,1518.29,0.0,13180.31,1518.29,0.0,0.0,0.0
1075,120000,96.0,67208.5,1564.61,0.0,13458.5,1564.61,0.0,0.0,0.0
1075,120000,97.0,67286.82,1768.03,0.0,13536.82,1768.03,0.0,0.0,0.0
1075,120000,98.0,67796.42,1801.62,0.0,14046.42,1801.62,0.0,0.0,0.0
1075,120000,99.0,68018.12,2062.08,0.0,14268.12,2062.08,0.0,0.0,0.0
1075,120000,100.0,67751.17,2188.05,1.0,14001.17,2188.05,0.03,0.3,1.4759892707387932e-05
1075,120000,101.0,68378.3,2475.52,27.0,14628.3,2475.52,1.0,2.61,0.00039486211268779714
1075,120000,102.0,71693.11,3738.5,86.0,17943.11,3738.5,7.97,6.74,0.0011995573912193236
1075,120000,103.0,79536.49,6044.24,100.0,25786.49,6044.24,31.72,22.61,0.0012572845495193463
1075,120000,104.0,94495.7,10475.92,100.0,40745.7,10475.92,125.28,93.1,0.0010582492113397754
1075,120000,105.0,118382.53,13402.89,100.0,64632.53,13402.89,386.56,214.28,0.000844719233488252
1075,125000,95.0,67015.75,1512.48,0.0,13265.75,1512.48,0.0,0.0,0.0
1075,125000,96.0,67264.65,1597.57,0.0,13514.65,1597.57,0.0,0.0,0.0
1075,125000,97.0,67407.76,1802.19,0.0,13657.76,1802.19,0.0,0.0,0.0
1075,125000,98.0,67818.29,1831.78,0.0,14068.29,1831.78,0.0,0.0,0.0
1075,125000,99.0,67900.52,2027.94,0.0,14150.52,2027.94,0.0,0.0,0.0
1075,125000,100.0,67796.18,2191.27,1.0,14046.18,2191.27,0.03,0.3,1.4750093589343826e-05
1075,125000,101.0,68560.3,2510.02,28.0,14810.3,2510.02,1.0,2.4,0.0004083996131872235
1075,125000,102.0,71681.81,3782.79,87.0,17931.81,3782.79,7.62,6.62,0.001213697031366814
1075,125000,103.0,79653.2,6151.31,100.0,25903.2,6151.31,32.59,22.96,0.0012554423425549758
1075,125000,104.0,94604.97,10501.16,100.0,40854.97,10501.16,123.92,91.16,0.0010570269194102593
1075,125000,105.0,118819.31,12787.1,100.0,65069.31,12787.1,386.8,214.84,0.0008416140440472176
1075,130000,95.0,67144.91,1562.21,0.0,13394.91,1562.21,0.0,0.0,0.0
1075,130000,96.0,67375.16,1607.86,0.0,13625.16,1607.86,0.0,0.0,0.0
1075,130000,97.0,67534.45,1742.32,0.0,13784.45,1742.32,0.0,0.0,0.0
1075,130000,98.0,67862.86,1803.58,0.0,14112.86,1803.58,0.0,0.0,0.0
1075,130000,99.0,68001.89,2022.32,0.0,14251.89,2022.32,0.0,0.0,0.0
1075,130000,100.0,67912.64,2096.18,1.0,14162.64,2096.18,0.03,0.3,1.472479938933312e-05
1075,130000,101.0,68537.97,2509.1,27.0,14787.97,2509.1,0.98,2.16,0.0003939422191815719
1075,130000,102.0,71672.05,3735.64,86.0,17922.05,3735.64,7.32,6.36,0.001199909867235554
1075,130000,103.0,79719.33,6005.28,100.0,25969.33,6005.28,32.48,21.52,0.0012544009087883704
1075,130000,104.0,94741.52,10483.24,100.0,40991.52,10483.24,125.4,93.24,0.0010555034371413927
1075,130000,105.0,118762.84,13029.12,100.0,65012.84,13029.12,388.05,214.48,0.0008420142192625236
1100,90000,95.0,67966.45,1647.38,0.0,12966.45,1647.38,0.0,0.0,0.0
1100,90000,96.0,68208.08,1686.36,0.0,13208.08,1686.36,0.0,0.0,0.0
1100,90000,97.0,68393.13,1782.96,0.0,13393.13,1782.96,0.0,0.0,0.0
1100,90000,98.0,68736.16,1810.58,0.0,13736.16,1810.58,0.0,0.0,0.0
1100,90000,99.0,68870.8,1911.85,0.0,13870.8,1911.85,0.0,0.0,0.0
1100,90000,100.0,68870.46,2052.89,2.0,13870.46,2052.89,0.04,0.28,2.904002674005662e-05
1100,90000,101.0,69654.5,2479.07,26.0,14654.5,2479.07,0.95,2.68,0.00037327093009066175
1100,90000,102.0,72826.5,3766.87,88.0,17826.5,3766.87,7.73,6.65,0.001208351355619177
1100,90000,103.0,80732.56,6458.98,100.0,25732.56,6458.98,29.6,19.69,0.0012386576122446755
1100,90000,104.0,95655.11,10855.78,100.0,40655.11,10855.78,121.65,92.54,0.0010454224557370747
1100,90000,105.0,120725.63,14491.72,100.0,65725.63,14491.72,396.07,210.76,0.0008283245239639669
1100,95000,95.0,68000.86,1508.16,0.0,13000.86,1508.16,0.0,0.0,0.0
1100,95000,96.0,68304.11,1630.26,0.0,13304.11,1630.26,0.0,0.0,0.0
1100,95000,97.0,68411.65,1731.67,0.0,13411.65,1731.67,0.0,0.0,0.0
1100,95000,98.0,68853.27,1886.45,0.0,13853.27,1886.45,0.0,0.0,0.0
1100,95000,99.0,69038.67,2116.84,0.0,14038.67,2116.84,0.0,0.0,0.0
1100,95000,100.0,68931.5,2242.05,1.0,13931.5,2242.05,0.03,0.3,1.4507155654526595e-05
1100,95000,101.0,69509.14,2399.29,25.0,14509.14,2399.29,1.01,2.97,0.000359664930396204
1100,95000,102.0,72805.94,3622.85,88.0,17805.94,3622.85,8.04,6.66,0.0012086925874454748
1100,95000,103.0,80515.34,6171.45,100.0,25515.34,6171.45,30.98,22.08,0.0012419993506827395
1100,95000,104.0,95553.35,10135.76,100.0,40553.35,10135.76,122.58,91.69,0.0010465357834131403
1100,95000,105.0,120886.95,13683.17,100.0,65886.95,13683.17,400.62,222.22,0.00082721914979243
1100,100000,95.0,68016.72,1507.81,0.0,13016.72,1507.81,0.0,0.0,0.0
1100,100000,96.0,68318.47,1630.8,0.0,13318.47,1630.8,0.0,0.0,0.0
1100,100000,97.0,68424.29,1731.65,0.0,13424.29,1731.65,0.0,0.0,0.0
1100,100000,98.0,68864.52,1886.45,0.0,13864.52,1886.45,0.0,0.0,0.0
1100,100000,99.0,69048.17,2116.81,0.0,14048.17,2116.81,0.0,0.0,0.0
1100,100000,100.0,68939.61,2242.38,1.0,13939.61,2242.38,0.03,0.3,1.4505449044460797e-05
1100,100000,101.0,69520.63,2406.46,25.0,14520.63,2406.46,1.01,2.97,0.0003596054868892874
1100,100000,102.0,72811.99,3623.06,88.0,17811.99,3623.06,8.04,6.66,0.0012085921563193094
1100,100000,103.0,80547.67,6182.89,100.0,25547.67,6182.89,31.02,22.16,0.0012415008404339939
1100,100000,104.0,95728.61,10314.4,100.0,40728.61,10314.4,123.61,93.29,0.0010446197850360515
1100,100000,105.0,120681.52,13562.85,100.0,65681.52,13562.85,401.25,222.95,0.0008286272827853013
1100,105000,95.0,68019.21,1508.76,0.0,13019.21,1508.76,0.0,0.0,0.0
1100,105000,96.0,68320.69,1631.23,0.0,13320.69,1631.23,0.0,0.0,0.0
1100,105000,97.0,68426.25,1732.14,0.0,13426.25,1732.14,0.0,0.0,0.0
1100,105000,98.0,68866.19,1886.61,0.0,13866.19,1886.61,0.0,0.0,0.0
1100,105000,99.0,69049.59,2116.96,0.0,14049.59,2116.96,0.0,0.0,0.0
1100,105000,100.0,68940.79,2242.61,1.0,13940.79,2242.61,0.03,0.3,1.450520076720908e-05
1100,105000,101.0,69521.65,2406.6,25.0,14521.65,2406.6,1.01,2.97,0.0003596002108695637
1100,105000,102.0,72812.9,3623.07,88.0,17812.9,3623.07,8.04,6.66,0.0012085770515938797
1100,105000,103.0,80548.63,6182.79,100.0,25548.63,6182.79,31.02,22.16,0.0012414860438967118
1100,105000,104.0,95729.85,10314.69,100.0,40729.85,10314.69,123.61,93.29,0.0010446062539531816
1100,105000,105.0,120709.57,13590.08,100.0,65709.57,13590.08,401.34,224.91,0.0008284347297401523
1100,110000,95.0,68040.61,1509.51,0.0,13040.61,1509.51,0.0,0.0,0.0
1100,110000,96.0,68340.16,1632.32,0.0,13340.16,1632.32,0.0,0.0,0.0
1100,110000,97.0,68453.25,1746.5,0.0,13453.25,1746.5,0.0,0.0,0.0
1100,110000,98.0,68885.75,1885.83,0.0,13885.75,1885.83,0.0,0.0,0.0
1100,110000,99.0,69058.72,2117.73,0.0,14058.72,2117.73,0.0,0.0,0.0
1100,110000,100.0,68966.05,2232.0,1.0,13966.05,2232.0,0.03,0.3,1.449988798836529e-05
1100,110000,101.0,69496.12,2435.17,26.0,14496.12,2435.17,1.02,2.97,0.00037412160563783995
1100,110000,102.0,72791.52,3611.49,88.0,17791.52,3611.49,7.84,6.56,0.001208932029445188
1100,110000,103.0,80633.98,6235.17,100.0,25633.98,6235.17,31.22,22.32,0.0012401719473601578
1100,110000,104.0,95678.61,10492.28,100.0,40678.61,10492.28,123.73,94.28,0.001045165685412863
1100,110000,105.0,120856.67,13499.85,100.0,65856.67,13499.85,400.24,222.77,0.0008274264051789612
1100,115000,95.0,68079.61,1509.2,0.0,13079.61,1509.2,0.0,0.0,0.0
1100,115000,96.0,68354.49,1614.28,0.0,13354.49,1614.28,0.0,0.0,0.0
1100,115000,97.0,68505.32,1730.52,0.0,13505.32,1730.52,0.0,0.0,0.0
1100,115000,98.0,68930.0,1886.5,0.0,13930.0,1886.5,0.0,0.0,0.0
1100,115000,99.0,69118.84,2074.68,0.0,14118.84,2074.68,0.0,0.0,0.0
1100,115000,100.0,68953.39,2211.73,1.0,13953.39,2211.73,0.03,0.3,1.4502550200940085e-05
1100,115000,101.0,69560.89,2444.27,28.0,14560.89,2444.27,1.09,2.86,0.00040252503957324294
1100,115000,102.0,72815.06,3630.18,88.0,17815.06,3630.18,7.76,6.42,0.001208541200130852
1100,115000,103.0,80738.41,6139.63,100.0,25738.41,6139.63,31.66,22.46,0.0012385678637961783
1100,115000,104.0,95826.64,10334.17,100.0,40826.64,10334.17,122.02,91.42,0.0010435511461113528
1100,115000,105.0,120503.33,13585.22,100.0,65503.33,13585.22,395.67,219.73,0.0008298525858165081
1100,120000,95.0,68180.31,1518.29,0.0,13180.31,1518.29,0.0,0.0,0.0
1100,120000,96.0,68458.5,1564.61,0.0,13458.5,1564.61,0.0,0.0,0.0
1100,120000,97.0,68536.82,1768.03,0.0,13536.82,1768.03,0.0,0.0,0.0
1100,120000,98.0,69046.42,1801.62,0.0,14046.42,1801.62,0.0,0.0,0.0
1100,120000,99.0,69268.12,2062.08,0.0,14268.12,2062.08,0.0,0.0,0.0
1100,120000,100.0,69001.17,2188.05,1.0,14001.17,2188.05,0.03,0.3,1.4492507880663474e-05
1100,120000,101.0,69628.3,2475.52,27.0,14628.3,2475.52,1.0,2.61,0.0003877733622679284
1100,120000,102.0,73002.23,3878.54,86.0,18002.23,3878.54,8.04,7.08,0.0011780462048899055
1100,120000,103.0,80851.72,6198.57,100.0,25851.72,6198.57,31.47,22.26,0.0012368320673944845
1100,120000,104.0,95914.39,10295.28,100.0,40914.39,10295.28,124.11,92.65,0.001042596423748303
1100,120000,105.0,120621.12,13544.41,100.0,65621.12,13544.41,395.38,219.82,0.0008290422108499739
1100,125000,95.0,68265.75,1512.48,0.0,13265.75,1512.48,0.0,0.0,0.0
1100,125000,96.0,68514.65,1597.57,0.0,13514.65,1597.57,0.0,0.0,0.0
1100,125000,97.0,68657.76,1802.19,0.0,13657.76,1802.19,0.0,0.0,0.0
1100,125000,98.0,69068.29,1831.78,0.0,14068.29,1831.78,0.0,0.0,0.0
1100,125000,99.0,69150.52,2027.94,0.0,14150.52,2027.94,0.0,0.0,0.0
1100,125000,100.0,69046.18,2191.27,1.0,14046.18,2191.27,0.03,0.3,1.4483060467646437e-05
1100,125000,101.0,69810.3,2510.02,28.0,14810.3,2510.02,1.0,2.4,0.0004010869456226373
1100,125000,102.0,72917.57,3779.45,87.0,17917.57,3779.45,7.59,6.64,0.0011931280759904643
1100,125000,103.0,80906.16,6232.07,100.0,25906.16,6232.07,32.12,22.67,0.0012359998299264234
1100,125000,104.0,95982.06,10292.55,100.0,40982.06,10292.55,123.67,89.39,0.0010418613645091594
1100,125000,105.0,121290.99,13350.08,100.0,66290.99,13350.08,394.22,215.39,0.0008244635483641448
1100,130000,95.0,68394.91,1562.21,0.0,13394.91,1562.21,0.0,0.0,0.0
1100,130000,96.0,68625.16,1607.86,0.0,13625.16,1607.86,0.0,0.0,0.0
1100,130000,97.0,68784.45,1742.32,0.0,13784.45,1742.32,0.0,0.0,0.0
1100,130000,98.0,69112.86,1803.58,0.0,14112.86,1803.58,0.0,0.0,0.0
1100,130000,99.0,69251.89,2022.32,0.0,14251.89,2022.32,0.0,0.0,0.0
1100,130000,100.0,69162.64,2096.18,1.0,14162.64,2096.18,0.03,0.3,1.4458673063954759e-05
1100,130000,101.0,69787.97,2509.1,27.0,14787.97,2509.1,0.98,2.16,0.0003868861639047532
1100,130000,102.0,72922.05,3735.64,86.0,17922.05,3735.64,7.32,6.36,0.001179341502330228
1100,130000,103.0,80971.09,6087.75,100.0,25971.09,6087.75,32.03,21.18,0.001235008692608683
1100,130000,104.0,96061.78,10296.46,100.0,41061.78,10296.46,124.8,91.46,0.0010409967418883973
1100,130000,105.0,121110.24,13440.14,100.0,66110.24,13440.14,390.82,215.95,0.0008256940123312446
1125,90000,95.0,70352.35,1811.33,0.0,14102.35,1811.33,0.0,0.0,0.0
1125,90000,96.0,70676.25,1849.78,0.0,14426.25,1849.78,0.0,0.0,0.0
1125,90000,97.0,70866.8,1986.71,0.0,14616.8,1986.71,0.0,0.0,0.0
1125,90000,98.0,71076.14,2104.65,0.0,14826.14,2104.65,0.0,0.0,0.0
1125,90000,99.0,71452.0,2387.05,0.0,15202.0,2387.05,0.0,0.0,0.0
1125,90000,100.0,71382.14,2232.07,1.0,15132.14,2232.07,0.02,0.2,1.4009106479575983e-05
1125,90000,101.0,72246.96,2698.91,32.0,15996.96,2698.91,0.86,2.05,0.0004429252109708145
1125,90000,102.0,75623.95,3820.6,87.0,19373.95,3820.6,8.12,7.19,0.0011504291960417303
1125,90000,103.0,83637.83,6117.27,100.0,27387.83,6117.27,30.74,20.96,0.00119563121137887
1125,90000,104.0,99002.32,11058.07,100.0,42752.32,11058.07,120.07,89.46,0.0010100773396017385
1125,90000,105.0,125047.36,14050.4,100.0,68797.36,14050.4,409.75,224.77,0.0007996970107965493
1125,95000,95.0,70716.77,1869.11,0.0,14466.77,1869.11,0.0,0.0,0.0
1125,95000,96.0,70642.23,1726.47,0.0,14392.23,1726.47,0.0,0.0,0.0
1125,95000,97.0,70939.33,1958.46,0.0,14689.33,1958.46,0.0,0.0,0.0
1125,95000,98.0,71133.35,1937.48,0.0,14883.35,1937.48,0.0,0.0,0.0
1125,95000,99.0,71332.01,2158.36,0.0,15082.01,2158.36,0.0,0.0,0.0
1125,95000,100.0,71275.75,2471.0,1.0,15025.75,2471.0,0.04,0.4,1.403001722184614e-05
1125,95000,101.0,71681.05,2441.41,28.0,15431.05,2441.41,0.8,1.98,0.00039061927803791933
1125,95000,102.0,75268.73,3663.74,89.0,19018.73,3663.74,8.09,7.31,0.0011824299413581178
1125,95000,103.0,83290.88,6408.19,100.0,27040.88,6408.19,30.65,18.45,0.0012006116395936745
1125,95000,104.0,98240.07,10365.45,100.0,41990.07,10365.45,119.75,82.91,0.0010179145841406668
1125,95000,105.0,124566.36,14519.07,100.0,68316.36,14519.07,413.79,227.34,0.0008027849573512463
1125,100000,95.0,70750.69,1803.25,0.0,14500.69,1803.25,0.0,0.0,0.0
1125,100000,96.0,70704.01,1834.82,0.0,14454.01,1834.82,0.0,0.0,0.0
1125,100000,97.0,70955.34,1925.08,0.0,14705.34,1925.08,0.0,0.0,0.0
1125,100000,98.0,71125.89,1815.27,0.0,14875.89,1815.27,0.0,0.0,0.0
1125,100000,99.0,71444.03,2221.58,0.0,15194.03,2221.58,0.0,0.0,0.0
1125,100000,100.0,71292.06,2361.44,1.0,15042.06,2361.44,0.05,0.5,1.4026807473370809e-05
1125,100000,101.0,71581.35,2510.57,33.0,15331.35,2510.57,0.85,1.95,0.0004610139372895314
1125,100000,102.0,75279.81,3687.4,90.0,19029.81,3687.4,8.33,7.37,0.0011955396805597676
1125,100000,103.0,82980.46,6270.17,100.0,26730.46,6270.17,30.74,18.17,0.001205102984485745
1125,100000,104.0,98370.54,10796.87,100.0,42120.54,10796.87,120.75,85.94,0.001016564512098846
1125,100000,105.0,124400.53,14345.54,100.0,68150.53,14345.54,412.54,225.49,0.0008038550961157481
1125,105000,95.0,70749.31,1804.67,0.0,14499.31,1804.67,0.0,0.0,0.0
1125,105000,96.0,70717.82,1842.15,0.0,14467.82,1842.15,0.0,0.0,0.0
1125,105000,97.0,70953.93,1926.83,0.0,14703.93,1926.83,0.0,0.0,0.0
1125,105000,98.0,71127.81,1822.96,0.0,14877.81,1822.96,0.0,0.0,0.0
1125,105000,99.0,71429.82,2191.95,0.0,15179.82,2191.95,0.0,0.0,0.0
1125,105000,100.0,71299.27,2367.88,1.0,15049.27,2367.88,0.05,0.5,1.402538903974753e-05
1125,105000,101.0,71519.01,2491.49,32.0,15269.01,2491.49,0.86,2.04,0.0004474334865653202
1125,105000,102.0,75252.05,3649.93,89.0,19002.05,3649.93,8.3,7.39,0.001182692032974517
1125,105000,103.0,82952.4,6230.91,100.0,26702.4,6230.91,30.6,18.29,0.001205510630192737
1125,105000,104.0,98353.16,10808.63,100.0,42103.16,10808.63,120.65,85.99,0.0010167441493491413
1125,105000,105.0,124415.91,14249.35,100.0,68165.91,14249.35,412.36,225.61,0.0008037557254534408
1125,110000,95.0,70680.98,1676.62,0.0,14430.98,1676.62,0.0,0.0,0.0
1125,110000,96.0,70737.5,1726.57,0.0,14487.5,1726.57,0.0,0.0,0.0
1125,110000,97.0,70849.63,1850.98,0.0,14599.63,1850.98,0.0,0.0,0.0
1125,110000,98.0,70999.91,1704.82,0.0,14749.91,1704.82,0.0,0.0,0.0
1125,110000,99.0,71247.3,2065.66,0.0,14997.3,2065.66,0.0,0.0,0.0
1125,110000,100.0,71246.34,2417.28,0.0,14996.34,2417.28,0.0,0.0,0.0
1125,110000,101.0,71408.82,2439.48,31.0,15158.82,2439.48,0.85,1.87,0.00043412004287425555
1125,110000,102.0,75043.32,3585.23,86.0,18793.32,3585.23,8.03,7.13,0.0011460047343321163
1125,110000,103.0,82778.38,6193.34,100.0,26528.38,6193.34,30.57,18.74,0.0012080449025458097
1125,110000,104.0,98198.0,10556.32,100.0,41948.0,10556.32,121.1,87.93,0.0010183506792399032
1125,110000,105.0,124183.73,14362.11,100.0,67933.73,14362.11,411.76,228.27,0.0008052584666284384
1125,115000,95.0,70682.53,1645.86,0.0,14432.53,1645.86,0.0,0.0,0.0
1125,115000,96.0,70703.5,1637.64,0.0,14453.5,1637.64,0.0,0.0,0.0
1125,115000,97.0,70898.69,1813.19,0.0,14648.69,1813.19,0.0,0.0,0.0
1125,115000,98.0,71050.19,1779.29,0.0,14800.19,1779.29,0.0,0.0,0.0
1125,115000,99.0,71244.22,2091.67,0.0,14994.22,2091.67,0.0,0.0,0.0
1125,115000,100.0,71142.5,2393.57,0.0,14892.5,2393.57,0.0,0.0,0.0
1125,115000,101.0,71422.61,2415.53,30.0,15172.61,2415.53,0.93,2.03,0.0004200350561257843
1125,115000,102.0,74947.13,3594.89,86.0,18697.13,3594.89,7.96,7.13,0.001147475560438405
1125,115000,103.0,82942.3,6594.95,100.0,26692.3,6594.95,31.82,21.51,0.0012056574269100327
1125,115000,104.0,98075.0,10829.96,100.0,41825.0,10829.96,122.83,89.57,0.0010196278358399185
1125,115000,105.0,123854.81,14093.43,100.0,67604.81,14093.43,404.46,224.06,0.000807396983613313
1125,120000,95.0,70574.02,1591.1,0.0,14324.02,1591.1,0.0,0.0,0.0
1125,120000,96.0,70761.64,1658.74,0.0,14511.64,1658.74,0.0,0.0,0.0
1125,120000,97.0,70853.96,1816.87,0.0,14603.96,1816.87,0.0,0.0,0.0
1125,120000,98.0,71021.35,1804.82,0.0,14771.35,1804.82,0.0,0.0,0.0
1125,120000,99.0,71244.62,2116.82,0.0,14994.62,2116.82,0.0,0.0,0.0
1125,120000,100.0,71075.89,2380.53,0.0,14825.89,2380.53,0.0,0.0,0.0
1125,120000,101.0,71545.26,2383.99,30.0,15295.26,2383.99,0.92,2.14,0.0004193149902593128
1125,120000,102.0,75057.85,3789.57,88.0,18807.85,3789.57,8.11,7.28,0.001172428999764848
1125,120000,103.0,82775.87,6518.36,100.0,26525.87,6518.36,31.85,21.85,0.001208081533905956
1125,120000,104.0,98076.05,10709.05,100.0,41826.05,10709.05,122.77,91.48,0.0010196169197270893
1125,120000,105.0,124066.62,14194.2,100.0,67816.62,14194.2,403.15,225.28,0.0008060185729247722
1125,125000,95.0,70604.14,1570.95,0.0,14354.14,1570.95,0.0,0.0,0.0
1125,125000,96.0,70797.32,1680.76,0.0,14547.32,1680.76,0.0,0.0,0.0
1125,125000,97.0,70896.72,1807.7,0.0,14646.72,1807.7,0.0,0.0,0.0
1125,125000,98.0,71082.84,1819.09,0.0,14832.84,1819.09,0.0,0.0,0.0
1125,125000,99.0,71246.43,2170.41,0.0,14996.43,2170.41,0.0,0.0,0.0
1125,125000,100.0,71159.26,2459.87,0.0,14909.26,2459.87,0.0,0.0,0.0
1125,125000,101.0,71607.62,2425.57,31.0,15357.62,2425.57,1.01,2.26,0.0004329148210763045
1125,125000,102.0,74944.99,3702.76,89.0,18694.99,3702.76,8.21,6.91,0.0011875376859747395
1125,125000,103.0,82913.08,6487.55,100.0,26663.08,6487.55,31.25,21.62,0.0012060823213900628
1125,125000,104.0,98015.14,10736.39,100.0,41765.14,10736.39,121.69,89.67,0.0010202505449668285
1125,125000,105.0,124255.09,14242.5,100.0,68005.09,14242.5,405.72,228.93,0.0008047960047350978
1125,130000,95.0,70658.96,1613.47,0.0,14408.96,1613.47,0.0,0.0,0.0
1125,130000,96.0,70846.09,1702.53,0.0,14596.09,1702.53,0.0,0.0,0.0
1125,130000,97.0,70934.21,1737.86,0.0,14684.21,1737.86,0.0,0.0,0.0
1125,130000,98.0,71106.67,1878.49,0.0,14856.67,1878.49,0.0,0.0,0.0
1125,130000,99.0,71248.98,2189.45,0.0,14998.98,2189.45,0.0,0.0,0.0
1125,130000,100.0,71194.8,2374.95,0.0,14944.8,2374.95,0.0,0.0,0.0
1125,130000,101.0,71596.84,2383.5,26.0,15346.84,2383.5,0.97,2.46,0.00036314451866870106
1125,130000,102.0,75013.33,3694.52,88.0,18763.33,3694.52,8.1,6.86,0.0011731248299468907
1125,130000,103.0,82967.35,6465.02,100.0,26717.35,6465.02,31.36,21.26,0.0012052934075874424
1125,130000,104.0,98436.41,11039.82,100.0,42186.41,11039.82,124.59,92.33,0.0010158842647756048
1125,130000,105.0,124329.32,13909.28,100.0,68079.32,13909.28,405.55,219.52,0.0008043155065916872
1150,90000,95.0,71602.35,1811.33,0.0,14102.35,1811.33,0.0,0.0,0.0
1150,90000,96.0,71926.25,1849.78,0.0,14426.25,1849.78,0.0,0.0,0.0
1150,90000,97.0,72116.8,1986.71,0.0,14616.8,1986.71,0.0,0.0,0.0
1150,90000,98.0,72337.05,2114.45,0.0,14837.05,2114.45,0.0,0.0,0.0
1150,90000,99.0,72691.22,2392.15,0.0,15191.22,2392.15,0.0,0.0,0.0
1150,90000,100.0,72676.73,2284.67,1.0,15176.73,2284.67,0.02,0.2,1.3759562379870422e-05
1150,90000,101.0,73551.89,2748.29,32.0,16051.89,2748.29,0.95,2.29,0.0004350669982783583
1150,90000,102.0,77020.17,3844.49,87.0,19520.17,3844.49,8.2,7.22,0.0011295742400984055
1150,90000,103.0,85211.2,6352.93,100.0,27711.2,6352.93,30.95,21.19,0.0011735546500929457
1150,90000,104.0,100884.94,10645.21,100.0,43384.94,10645.21,123.79,85.06,0.0009912282249461613
1150,90000,105.0,126594.44,14487.43,100.0,69094.44,14487.43,401.2,222.55,0.0007899241072514717
1150,95000,95.0,72173.92,1852.59,0.0,14673.92,1852.59,0.0,0.0,0.0
1150,95000,96.0,72176.26,1761.44,0.0,14676.26,1761.44,0.0,0.0,0.0
1150,95000,97.0,72460.95,2063.35,0.0,14960.95,2063.35,0.0,0.0,0.0
1150,95000,98.0,72788.96,2056.31,0.0,15288.96,2056.31,0.0,0.0,0.0
1150,95000,99.0,72881.67,2182.72,0.0,15381.67,2182.72,0.0,0.0,0.0
1150,95000,100.0,72851.6,2370.31,1.0,15351.6,2370.31,0.04,0.4,1.3726534489290557e-05
1150,95000,101.0,73539.52,2594.05,25.0,16039.52,2594.05,0.88,2.32,0.00033995326594462406
1150,95000,102.0,77284.03,3823.32,90.0,19784.03,3823.32,8.27,7.23,0.0011645355450537454
1150,95000,103.0,85649.32,6831.37,100.0,28149.32,6831.37,31.9,21.17,0.0011675515929373402
1150,95000,104.0,100884.68,10803.77,100.0,43384.68,10803.77,125.8,90.38,0.0009912307795395695
1150,95000,105.0,126735.98,14702.04,100.0,69235.98,14702.04,416.39,232.15,0.0007890419121704824
1150,100000,95.0,72254.02,1798.51,0.0,14754.02,1798.51,0.0,0.0,0.0
1150,100000,96.0,72300.94,1905.51,0.0,14800.94,1905.51,0.0,0.0,0.0
1150,100000,97.0,72657.53,2085.15,0.0,15157.53,2085.15,0.0,0.0,0.0
1150,100000,98.0,72924.39,2065.76,0.0,15424.39,2065.76,0.0,0.0,0.0
1150,100000,99.0,73150.25,2296.47,0.0,15650.25,2296.47,0.0,0.0,0.0
1150,100000,100.0,73025.47,2374.91,1.0,15525.47,2374.91,0.05,0.5,1.3693852295644246e-05
1150,100000,101.0,73730.05,2699.81,29.0,16230.05,2699.81,0.87,2.2,0.0003933267371987405
1150,100000,102.0,77394.07,3741.98,88.0,19894.07,3741.98,8.68,7.05,0.0011370380185458653
1150,100000,103.0,85482.07,6671.3,100.0,27982.07,6671.3,32.73,21.41,0.0011698359667705752
1150,100000,104.0,100915.55,11123.51,100.0,43415.55,11123.51,127.09,93.56,0.0009909275626997028
1150,100000,105.0,126958.36,14426.09,100.0,69458.36,14426.09,416.01,230.91,0.0007876598279939974
1150,105000,95.0,72252.61,1800.04,0.0,14752.61,1800.04,0.0,0.0,0.0
1150,105000,96.0,72314.75,1909.92,0.0,14814.75,1909.92,0.0,0.0,0.0
1150,105000,97.0,72667.05,2082.57,0.0,15167.05,2082.57,0.0,0.0,0.0
1150,105000,98.0,72925.98,2071.85,0.0,15425.98,2071.85,0.0,0.0,0.0
1150,105000,99.0,73103.38,2249.69,0.0,15603.38,2249.69,0.0,0.0,0.0
1150,105000,100.0,73088.25,2424.31,1.0,15588.25,2424.31,0.05,0.5,1.3682089802396417e-05
1150,105000,101.0,73717.2,2689.06,29.0,16217.2,2689.06,0.91,2.34,0.00039339529987574137
1150,105000,102.0,77402.29,3704.87,88.0,19902.29,3704.87,8.64,7.02,0.001136917266918072
1150,105000,103.0,85446.77,6673.62,100.0,27946.77,6673.62,32.66,21.3,0.0011703192525592248
1150,105000,104.0,100938.91,11150.68,100.0,43438.91,11150.68,127.2,93.71,0.0009906982351998847
1150,105000,105.0,127134.25,14329.32,100.0,69634.25,14329.32,418.01,229.32,0.000786570102077135
1150,110000,95.0,72461.61,1848.64,0.0,14961.61,1848.64,0.0,0.0,0.0
1150,110000,96.0,72515.44,1798.62,0.0,15015.44,1798.62,0.0,0.0,0.0
1150,110000,97.0,72895.55,2067.61,0.0,15395.55,2067.61,0.0,0.0,0.0
1150,110000,98.0,73058.42,2010.17,0.0,15558.42,2010.17,0.0,0.0,0.0
1150,110000,99.0,73236.05,2155.95,0.0,15736.05,2155.95,0.0,0.0,0.0
1150,110000,100.0,73201.72,2458.82,1.0,15701.72,2458.82,0.01,0.1,1.366088119240914e-05
1150,110000,101.0,73740.35,2654.1,27.0,16240.35,2654.1,0.79,2.1,0.0003661496046601352
1150,110000,102.0,77366.02,3705.92,90.0,19866.02,3705.92,8.43,6.82,0.0011633014080341731
1150,110000,103.0,85542.82,6877.69,100.0,28042.82,6877.69,32.67,21.63,0.001169005183602785
1150,110000,104.0,100931.06,10989.16,100.0,43431.06,10989.16,127.65,96.41,0.0009907752876072045
1150,110000,105.0,126723.9,14510.92,100.0,69223.9,14510.92,413.79,227.88,0.0007891171278661721
1150,115000,95.0,72603.0,1933.58,0.0,15103.0,1933.58,0.0,0.0,0.0
1150,115000,96.0,72672.73,1798.89,0.0,15172.73,1798.89,0.0,0.0,0.0
1150,115000,97.0,73188.8,2115.38,0.0,15688.8,2115.38,0.0,0.0,0.0
1150,115000,98.0,73211.52,2055.05,0.0,15711.52,2055.05,0.0,0.0,0.0
1150,115000,99.0,73278.56,2198.3,0.0,15778.56,2198.3,0.0,0.0,0.0
1150,115000,100.0,73368.69,2559.62,1.0,15868.69,2559.62,0.01,0.1,1.3629792217906576e-05
1150,115000,101.0,73837.41,2584.23,25.0,16337.41,2584.23,0.76,2.1,0.00033858175686281517
1150,115000,102.0,77359.74,3677.73,90.0,19859.74,3677.73,8.43,7.16,0.0011633958438846872
1150,115000,103.0,85739.09,6950.95,100.0,28239.09,6950.95,33.12,21.38,0.001166329150449346
1150,115000,104.0,100964.17,11324.58,100.0,43464.17,11324.58,127.01,96.8,0.0009904503746229975
1150,115000,105.0,126933.38,14367.03,100.0,69433.38,14367.03,416.73,227.93,0.0007878148364126126
1150,120000,95.0,72707.25,1930.62,0.0,15207.25,1930.62,0.0,0.0,0.0
1150,120000,96.0,72870.53,1730.48,0.0,15370.53,1730.48,0.0,0.0,0.0
1150,120000,97.0,73246.32,2134.35,0.0,15746.32,2134.35,0.0,0.0,0.0
1150,120000,98.0,73386.07,2042.44,0.0,15886.07,2042.44,0.0,0.0,0.0
1150,120000,99.0,73411.64,2201.78,0.0,15911.64,2201.78,0.0,0.0,0.0
1150,120000,100.0,73458.56,2459.25,1.0,15958.56,2459.25,0.01,0.1,1.3613117382099514e-05
1150,120000,101.0,73877.92,2617.86,26.0,16377.92,2617.86,0.75,2.06,0.00035193194394211424
1150,120000,102.0,77390.58,3673.43,91.0,19890.58,3673.43,8.42,7.0,0.0011758537020913915
1150,120000,103.0,85776.54,6928.35,100.0,28276.54,6928.35,32.63,20.61,0.0011658199316503092
1150,120000,104.0,101003.61,11333.29,100.0,43503.61,11333.29,127.12,96.69,0.000990063622478444
1150,120000,105.0,126595.56,14455.34,100.0,69095.56,14455.34,412.48,228.69,0.0007899171187362337
1150,125000,95.0,72915.1,1822.94,0.0,15415.1,1822.94,0.0,0.0,0.0
1150,125000,96.0,72973.39,1721.57,0.0,15473.39,1721.57,0.0,0.0,0.0
1150,125000,97.0,73337.93,2117.13,0.0,15837.93,2117.13,0.0,0.0,0.0
1150,125000,98.0,73456.39,2035.93,0.0,15956.39,2035.93,0.0,0.0,0.0
1150,125000,99.0,73531.07,2213.94,0.0,16031.07,2213.94,0.0,0.0,0.0
1150,125000,100.0,73475.79,2392.23,1.0,15975.79,2392.23,0.01,0.1,1.3609925119552986e-05
1150,125000,101.0,73987.62,2609.55,30.0,16487.62,2609.55,0.89,2.13,0.0004054732399825809
1150,125000,102.0,77450.31,3709.51,91.0,19950.31,3709.51,8.7,7.04,0.001174946878843997
1150,125000,103.0,85805.63,6926.91,100.0,28305.63,6926.91,33.03,22.46,0.0011654246929950866
1150,125000,104.0,100998.57,11203.84,100.0,43498.57,11203.84,128.76,99.2,0.0009901130283329754
1150,125000,105.0,126993.12,13991.12,100.0,69493.12,13991.12,415.14,224.42,0.0007874442331994049
1150,130000,95.0,73030.88,1742.43,0.0,15530.88,1742.43,0.0,0.0,0.0
1150,130000,96.0,73145.02,1782.62,0.0,15645.02,1782.62,0.0,0.0,0.0
1150,130000,97.0,73419.64,2130.91,0.0,15919.64,2130.91,0.0,0.0,0.0
1150,130000,98.0,73534.92,2034.42,0.0,16034.92,2034.42,0.0,0.0,0.0
1150,130000,99.0,73632.67,2239.67,0.0,16132.67,2239.67,0.0,0.0,0.0
1150,130000,100.0,73617.12,2468.54,1.0,16117.12,2468.54,0.01,0.1,1.3583796812480575e-05
1150,130000,101.0,74046.69,2512.45,25.0,16546.69,2512.45,0.77,1.92,0.0003376248148296703
1150,130000,102.0,77406.34,3680.53,93.0,19906.34,3680.53,8.63,6.9,0.0012014519740889441
1150,130000,103.0,85731.73,6956.18,100.0,28231.73,6956.18,33.23,22.63,0.001166429278867929
1150,130000,104.0,101071.53,11125.71,100.0,43571.53,11125.71,128.92,100.68,0.0009893983003918115
1150,130000,105.0,127084.69,13941.89,100.0,69584.69,13941.89,415.15,224.35,0.0007868768456688213
1175,90000,95.0,72852.35,1811.33,0.0,14102.35,1811.33,0.0,0.0,0.0
1175,90000,96.0,73176.25,1849.78,0.0,14426.25,1849.78,0.0,0.0,0.0
1175,90000,97.0,73366.8,1986.71,0.0,14616.8,1986.71,0.0,0.0,0.0
1175,90000,98.0,73587.05,2114.45,0.0,14837.05,2114.45,0.0,0.0,0.0
1175,90000,99.0,73941.22,2392.15,0.0,15191.22,2392.15,0.0,0.0,0.0
1175,90000,100.0,73926.73,2284.67,1.0,15176.73,2284.67,0.02,0.2,1.3526906979383506e-05
1175,90000,101.0,74801.89,2748.29,32.0,16051.89,2748.29,0.95,2.29,0.0004277966773299445
1175,90000,102.0,78378.08,3934.1,87.0,19628.08,3934.1,8.27,7.35,0.0011100042256712592
1175,90000,103.0,86737.19,6474.12,100.0,27987.19,6474.12,30.97,20.77,0.001152907997134793
1175,90000,104.0,102932.17,11704.64,100.0,44182.17,11704.64,128.7,96.36,0.0009715135705387344
1175,90000,105.0,129260.03,15170.92,100.0,70510.03,15170.92,414.39,225.79,0.0007736343554925679
1175,95000,95.0,73449.06,1871.23,0.0,14699.06,1871.23,0.0,0.0,0.0
1175,95000,96.0,73509.06,1805.3,0.0,14759.06,1805.3,0.0,0.0,0.0
1175,95000,97.0,73805.32,2125.18,0.0,15055.32,2125.18,0.0,0.0,0.0
1175,95000,98.0,74145.02,2101.26,0.0,15395.02,2101.26,0.0,0.0,0.0
1175,95000,99.0,74298.11,2333.86,0.0,15548.11,2333.86,0.0,0.0,0.0
1175,95000,100.0,74323.28,2518.47,1.0,15573.28,2518.47,0.04,0.4,1.3454734505796839e-05
1175,95000,101.0,74912.13,2702.75,26.0,16162.13,2702.75,1.08,2.56,0.0003470732977423015
1175,95000,102.0,78978.24,4173.24,90.0,20228.24,4173.24,8.43,7.47,0.0011395543886518614
1175,95000,103.0,87402.95,6834.27,100.0,28652.95,6834.27,32.72,21.63,0.0011441261421954293
1175,95000,104.0,103243.33,11919.85,100.0,44493.33,11919.85,129.62,96.39,0.0009685855735184055
1175,95000,105.0,129601.15,15141.93,100.0,70851.15,15141.93,431.09,238.37,0.0007715980915292804
1175,100000,95.0,73532.15,1818.64,0.0,14782.15,1818.64,0.0,0.0,0.0
1175,100000,96.0,73653.44,1937.79,0.0,14903.44,1937.79,0.0,0.0,0.0
1175,100000,97.0,74001.66,2142.56,0.0,15251.66,2142.56,0.0,0.0,0.0
1175,100000,98.0,74338.3,2139.51,0.0,15588.3,2139.51,0.0,0.0,0.0
1175,100000,99.0,74635.53,2440.72,0.0,15885.53,2440.72,0.0,0.0,0.0
1175,100000,100.0,74587.89,2538.44,1.0,15837.89,2538.44,0.05,0.5,1.3407002128629728e-05
1175,100000,101.0,75255.18,2723.41,33.0,16505.18,2723.41,1.18,2.55,0.00043850802031169156
1175,100000,102.0,79242.71,4067.24,88.0,20492.71,4067.24,8.93,7.4,0.0011105122477512441
1175,100000,103.0,87502.95,6931.49,100.0,28752.95,6931.49,33.42,22.29,0.0011428186135438864
1175,100000,104.0,103076.71,11817.06,100.0,44326.71,11817.06,131.44,99.76,0.0009701512591932745
1175,100000,105.0,129781.38,14789.81,100.0,71031.38,14789.81,429.29,236.13,0.0007705265578159208
1175,105000,95.0,73530.73,1820.16,0.0,14780.73,1820.16,0.0,0.0,0.0
1175,105000,96.0,73667.24,1941.36,0.0,14917.24,1941.36,0.0,0.0,0.0
1175,105000,97.0,74011.17,2139.61,0.0,15261.17,2139.61,0.0,0.0,0.0
1175,105000,98.0,74339.89,2145.25,0.0,15589.89,2145.25,0.0,0.0,0.0
1175,105000,99.0,74588.66,2401.36,0.0,15838.66,2401.36,0.0,0.0,0.0
1175,105000,100.0,74650.66,2577.01,1.0,15900.66,2577.01,0.05,0.5,1.339572885222984e-05
1175,105000,101.0,75248.89,2715.6,33.0,16498.89,2715.6,1.22,2.67,0.00043854467487826066
1175,105000,102.0,79226.83,4058.8,88.0,20476.83,4058.8,8.89,7.4,0.0011107348356611012
1175,105000,103.0,87499.01,6967.61,100.0,28749.01,6967.61,33.34,22.2,0.0011428700736156902
1175,105000,104.0,103006.24,11839.32,100.0,44256.24,11839.32,131.06,99.93,0.0009708149719861631
1175,105000,105.0,129917.47,14730.45,100.0,71167.47,14730.45,430.1,235.42,0.0007697194226457765
1175,110000,95.0,73811.72,1835.21,0.0,15061.72,1835.21,0.0,0.0,0.0
1175,110000,96.0,73946.17,1887.56,0.0,15196.17,1887.56,0.0,0.0,0.0
1175,110000,97.0,74298.36,2134.33,0.0,15548.36,2134.33,0.0,0.0,0.0
1175,110000,98.0,74513.18,2092.28,0.0,15763.18,2092.28,0.0,0.0,0.0
1175,110000,99.0,74824.72,2349.89,0.0,16074.72,2349.89,0.0,0.0,0.0
1175,110000,100.0,74812.36,2521.29,1.0,16062.36,2521.29,0.05,0.5,1.3366775222703843e-05
1175,110000,101.0,75449.9,2723.42,32.0,16699.9,2723.42,1.14,2.45,0.0004241224971802481
1175,110000,102.0,79380.72,4064.71,89.0,20630.72,4064.71,8.76,7.5,0.001121179047002849
1175,110000,103.0,87673.18,7204.81,100.0,28923.18,7204.81,33.63,22.53,0.0011405996679942486
1175,110000,104.0,103178.15,11580.16,100.0,44428.15,11580.16,129.67,97.18,0.0009691974512045429
1175,110000,105.0,129819.08,14851.05,100.0,71069.08,14851.05,431.38,233.22,0.00077030279370336
1175,115000,95.0,73967.43,1926.85,0.0,15217.43,1926.85,0.0,0.0,0.0
1175,115000,96.0,74076.67,1885.23,0.0,15326.67,1885.23,0.0,0.0,0.0
1175,115000,97.0,74594.75,2152.25,0.0,15844.75,2152.25,0.0,0.0,0.0
1175,115000,98.0,74676.86,2126.73,0.0,15926.86,2126.73,0.0,0.0,0.0
1175,115000,99.0,74983.86,2321.14,0.0,16233.86,2321.14,0.0,0.0,0.0
1175,115000,100.0,75098.65,2588.95,1.0,16348.65,2588.95,0.05,0.5,1.3315818593276977e-05
1175,115000,101.0,75561.18,2610.57,28.0,16811.18,2610.57,0.99,2.29,0.0003705606503233539
1175,115000,102.0,79345.07,4053.57,88.0,20595.07,4053.57,8.86,7.91,0.0011090796189353667
1175,115000,103.0,87812.28,7172.24,100.0,29062.28,7172.24,34.36,22.64,0.0011387928886483758
1175,115000,104.0,103436.6,11515.21,100.0,44686.6,11515.21,130.65,95.39,0.0009667757834267561
1175,115000,105.0,129583.6,14716.77,100.0,70833.6,14716.77,430.65,236.31,0.0007717025919946659
1175,120000,95.0,74117.94,1951.65,0.0,15367.94,1951.65,0.0,0.0,0.0
1175,120000,96.0,74406.79,1882.1,0.0,15656.79,1882.1,0.0,0.0,0.0
1175,120000,97.0,74727.7,2165.38,0.0,15977.7,2165.38,0.0,0.0,0.0
1175,120000,98.0,74869.41,2053.43,0.0,16119.41,2053.43,0.0,0.0,0.0
1175,120000,99.0,75161.1,2297.23,0.0,16411.1,2297.23,0.0,0.0,0.0
1175,120000,100.0,75156.14,2502.7,1.0,16406.14,2502.7,0.05,0.5,1.3305632779969808e-05
1175,120000,101.0,75613.85,2615.41,29.0,16863.85,2615.41,0.97,2.24,0.0003835276209318795
1175,120000,102.0,79338.6,4007.47,89.0,20588.6,4007.47,8.64,7.83,0.0011217742687670313
1175,120000,103.0,87861.27,7124.5,100.0,29111.27,7124.5,33.79,21.9,0.001138157916451697
1175,120000,104.0,103501.03,12029.06,100.0,44751.03,12029.06,132.61,99.03,0.0009661739598146995
1175,120000,105.0,129781.52,14609.72,100.0,71031.52,14609.72,429.78,234.94,0.0007705257266211707
1175,125000,95.0,74425.15,1900.19,0.0,15675.15,1900.19,0.0,0.0,0.0
1175,125000,96.0,74501.59,1841.67,0.0,15751.59,1841.67,0.0,0.0,0.0
1175,125000,97.0,74908.09,2177.54,0.0,16158.09,2177.54,0.0,0.0,0.0
1175,125000,98.0,75055.24,2060.3,0.0,16305.24,2060.3,0.0,0.0,0.0
1175,125000,99.0,75341.0,2349.46,0.0,16591.0,2349.46,0.0,0.0,0.0
1175,125000,100.0,75183.68,2414.9,1.0,16433.68,2414.9,0.05,0.5,1.330075888809912e-05
1175,125000,101.0,75740.66,2624.76,33.0,16990.66,2624.76,1.0,2.13,0.0004356972859755909
1175,125000,102.0,79481.35,4016.89,87.0,20731.35,4016.89,8.94,7.81,0.0010945964053202418
1175,125000,103.0,88110.44,7113.68,100.0,29360.44,7113.68,34.3,22.35,0.0011349392875577514
1175,125000,104.0,103453.35,11709.36,100.0,44703.35,11709.36,130.96,93.91,0.0009666192539922583
1175,125000,105.0,129811.63,14295.73,100.0,71061.63,14295.73,425.43,232.28,0.0007703470020367204
1175,130000,95.0,74529.33,1808.56,0.0,15779.33,1808.56,0.0,0.0,0.0
1175,130000,96.0,74702.33,1929.91,0.0,15952.33,1929.91,0.0,0.0,0.0
1175,130000,97.0,75029.6,2181.52,0.0,16279.6,2181.52,0.0,0.0,0.0
1175,130000,98.0,75137.86,2036.41,0.0,16387.86,2036.41,0.0,0.0,0.0
1175,130000,99.0,75506.92,2372.46,0.0,16756.92,2372.46,0.0,0.0,0.0
1175,130000,100.0,75397.23,2402.74,1.0,16647.23,2402.74,0.05,0.5,1.3263086720825155e-05
1175,130000,101.0,75827.76,2571.48,31.0,17077.76,2571.48,0.97,1.99,0.00040882125490717384
1175,130000,102.0,79454.19,3972.96,86.0,20704.19,3972.96,8.96,7.39,0.001082384704947593
1175,130000,103.0,88205.31,7247.64,100.0,29455.31,7247.64,34.96,24.25,0.0011337185935858056
1175,130000,104.0,103447.73,11465.23,100.0,44697.73,11465.23,130.98,94.39,0.0009666717674713597
1175,130000,105.0,129752.31,14059.82,100.0,71002.31,14059.82,419.75,228.27,0.0007706991883227359
1200,90000,95.0,74102.35,1811.33,0.0,14102.35,1811.33,0.0,0.0,0.0
1200,90000,96.0,74426.25,1849.78,0.0,14426.25,1849.78,0.0,0.0,0.0
1200,90000,97.0,74616.8,1986.71,0.0,14616.8,1986.71,0.0,0.0,0.0
1200,90000,98.0,74837.05,2114.45,0.0,14837.05,2114.45,0.0,0.0,0.0
1200,90000,99.0,75191.22,2392.15,0.0,15191.22,2392.15,0.0,0.0,0.0
1200,90000,100.0,75176.73,2284.67,1.0,15176.73,2284.67,0.02,0.2,1.3301988527566974e-05
1200,90000,101.0,76051.89,2748.29,32.0,16051.89,2748.29,0.95,2.29,0.00042076534850087223
1200,90000,102.0,79622.83,3923.1,87.0,19622.83,3923.1,8.21,7.33,0.0010926514418038143
1200,90000,103.0,88086.08,6634.46,100.0,28086.08,6634.46,30.85,20.96,0.0011352531523709534
1200,90000,104.0,104826.68,12045.29,100.0,44826.68,12045.29,130.14,95.14,0.0009539556151163044
1200,90000,105.0,131459.07,15577.2,100.0,71459.07,15577.2,423.69,231.41,0.0007606930430893813
1200,95000,95.0,74699.06,1871.23,0.0,14699.06,1871.23,0.0,0.0,0.0
1200,95000,96.0,74759.06,1805.3,0.0,14759.06,1805.3,0.0,0.0,0.0
1200,95000,97.0,75055.32,2125.18,0.0,15055.32,2125.18,0.0,0.0,0.0
1200,95000,98.0,75419.04,2129.29,0.0,15419.04,2129.29,0.0,0.0,0.0
1200,95000,99.0,75596.33,2387.44,0.0,15596.33,2387.44,0.0,0.0,0.0
1200,95000,100.0,75611.73,2574.66,1.0,15611.73,2574.66,0.04,0.4,1.3225461181750505e-05
1200,95000,101.0,76291.61,2795.3,27.0,16291.61,2795.3,1.08,2.55,0.000353905232829665
1200,95000,102.0,80321.31,4095.99,89.0,20321.31,4095.99,8.46,7.53,0.001108049657058631
1200,95000,103.0,89125.82,7348.47,100.0,29125.82,7348.47,34.16,26.57,0.0011220093122284876
1200,95000,104.0,105685.68,12097.96,100.0,45685.68,12097.96,134.85,98.3,0.0009462019830879643
1200,95000,105.0,132181.59,15654.44,100.0,72181.59,15654.44,429.59,234.81,0.0007565350061230161
1200,100000,95.0,74782.15,1818.64,0.0,14782.15,1818.64,0.0,0.0,0.0
1200,100000,96.0,74903.44,1937.79,0.0,14903.44,1937.79,0.0,0.0,0.0
1200,100000,97.0,75251.66,2142.56,0.0,15251.66,2142.56,0.0,0.0,0.0
1200,100000,98.0,75655.42,2230.19,0.0,15655.42,2230.19,0.0,0.0,0.0
1200,100000,99.0,75933.91,2484.06,0.0,15933.91,2484.06,0.0,0.0,0.0
1200,100000,100.0,75933.07,2641.41,1.0,15933.07,2641.41,0.05,0.5,1.316949255442984e-05
1200,100000,101.0,76699.72,2860.68,34.0,16699.72,2860.68,1.16,2.49,0.0004432871462894519
1200,100000,102.0,80586.87,4077.25,88.0,20586.87,4077.25,8.95,7.51,0.00109198930297206
1200,100000,103.0,89437.63,7489.25,100.0,29437.63,7489.25,34.76,27.37,0.0011180976061194823
1200,100000,104.0,105879.17,12097.15,100.0,45879.17,12097.15,137.99,101.47,0.0009444728363473193
1200,100000,105.0,132388.21,15567.47,100.0,72388.21,15567.47,425.17,229.8,0.0007553542721062548
1200,105000,95.0,74780.73,1820.16,0.0,14780.73,1820.16,0.0,0.0,0.0
1200,105000,96.0,74917.24,1941.36,0.0,14917.24,1941.36,0.0,0.0,0.0
1200,105000,97.0,75261.17,2139.61,0.0,15261.17,2139.61,0.0,0.0,0.0
1200,105000,98.0,75657.01,2235.64,0.0,15657.01,2235.64,0.0,0.0,0.0
1200,105000,99.0,75887.04,2446.33,0.0,15887.04,2446.33,0.0,0.0,0.0
1200,105000,100.0,75995.84,2676.24,1.0,15995.84,2676.24,0.05,0.5,1.3158614997873569e-05
1200,105000,101.0,76693.43,2853.67,34.0,16693.43,2853.67,1.2,2.61,0.00044332350241735183
1200,105000,102.0,80570.99,4069.19,88.0,20570.99,4069.19,8.91,7.5,0.0010922045267161293
1200,105000,103.0,89423.45,7517.7,100.0,29423.45,7517.7,34.8,27.39,0.0011182749044014741
1200,105000,104.0,105782.75,12082.52,100.0,45782.75,12082.52,137.52,101.65,0.0009453337146179316
1200,105000,105.0,132323.94,15564.39,100.0,72323.94,15564.39,424.52,230.29,0.0007557211491737625
1200,110000,95.0,75061.72,1835.21,0.0,15061.72,1835.21,0.0,0.0,0.0
1200,110000,96.0,75196.17,1887.56,0.0,15196.17,1887.56,0.0,0.0,0.0
1200,110000,97.0,75548.36,2134.33,0.0,15548.36,2134.33,0.0,0.0,0.0
1200,110000,98.0,75832.17,2181.08,0.0,15832.17,2181.08,0.0,0.0,0.0
1200,110000,99.0,76107.53,2379.74,0.0,16107.53,2379.74,0.0,0.0,0.0
1200,110000,100.0,76154.39,2590.23,1.0,16154.39,2590.23,0.05,0.5,1.3131219355837529e-05
1200,110000,101.0,76906.41,2817.23,34.0,16906.41,2817.23,1.14,2.39,0.00044209578889457975
1200,110000,102.0,80702.99,4058.36,89.0,20702.99,4058.36,8.87,7.66,0.0011028092019886747
1200,110000,103.0,89716.44,7734.4,100.0,29716.44,7734.4,35.15,27.74,0.0011146229163796512
1200,110000,104.0,105686.5,11723.46,100.0,45686.5,11723.46,134.77,98.42,0.000946194641699744
1200,110000,105.0,132551.66,15450.58,100.0,72551.66,15450.58,424.65,225.77,0.000754422841630199
1200,115000,95.0,75217.43,1926.85,0.0,15217.43,1926.85,0.0,0.0,0.0
1200,115000,96.0,75325.94,1884.21,0.0,15325.94,1884.21,0.0,0.0,0.0
1200,115000,97.0,75844.75,2152.25,0.0,15844.75,2152.25,0.0,0.0,0.0
1200,115000,98.0,76000.07,2216.99,0.0,16000.07,2216.99,0.0,0.0,0.0
1200,115000,99.0,76281.38,2347.26,0.0,16281.38,2347.26,0.0,0.0,0.0
1200,115000,100.0,76441.5,2647.29,1.0,16441.5,2647.29,0.05,0.5,1.308189923013023e-05
1200,115000,101.0,77059.68,2722.12,32.0,17059.68,2722.12,1.12,2.43,0.00041526256013520955
1200,115000,102.0,80891.26,4053.74,88.0,20891.26,4053.74,9.02,8.11,0.001087880198676594
1200,115000,103.0,89943.69,7699.88,100.0,29943.69,7699.88,35.99,27.77,0.0011118067315228006
1200,115000,104.0,106507.64,11998.95,100.0,46507.64,11998.95,138.39,99.37,0.0009388997822128066
1200,115000,105.0,132861.46,15143.4,100.0,72861.46,15143.4,430.85,228.77,0.000752663714518868
1200,120000,95.0,75367.94,1951.65,0.0,15367.94,1951.65,0.0,0.0,0.0
1200,120000,96.0,75645.51,1867.33,0.0,15645.51,1867.33,0.0,0.0,0.0
1200,120000,97.0,76040.48,2181.83,0.0,16040.48,2181.83,0.0,0.0,0.0
1200,120000,98.0,76242.87,2175.66,0.0,16242.87,2175.66,0.0,0.0,0.0
1200,120000,99.0,76503.99,2309.65,0.0,16503.99,2309.65,0.0,0.0,0.0
1200,120000,100.0,76563.86,2574.95,1.0,16563.86,2574.95,0.05,0.5,1.3060992483921265e-05
1200,120000,101.0,77163.82,2711.22,34.0,17163.82,2711.22,1.12,2.39,0.00044062100606216746
1200,120000,102.0,80955.18,4021.06,88.0,20955.18,4021.06,9.04,8.1,0.0010870212381715414
1200,120000,103.0,90175.79,7743.78,100.0,30175.79,7743.78,36.07,28.07,0.0011089450949085115
1200,120000,104.0,106431.21,12195.99,100.0,46431.21,12195.99,138.3,101.76,0.0009395740215675458
1200,120000,105.0,132928.22,15142.35,100.0,72928.22,15142.35,429.02,226.77,0.0007522857072787103
1200,125000,95.0,75675.15,1900.19,0.0,15675.15,1900.19,0.0,0.0,0.0
1200,125000,96.0,75758.03,1833.13,0.0,15758.03,1833.13,0.0,0.0,0.0
1200,125000,97.0,76216.65,2185.86,0.0,16216.65,2185.86,0.0,0.0,0.0
1200,125000,98.0,76447.5,2171.31,0.0,16447.5,2171.31,0.0,0.0,0.0
1200,125000,99.0,76722.35,2376.96,0.0,16722.35,2376.96,0.0,0.0,0.0
1200,125000,100.0,76642.28,2511.48,1.0,16642.28,2511.48,0.05,0.5,1.30476285413221e-05
1200,125000,101.0,77358.86,2768.77,37.0,17358.86,2768.77,1.11,2.27,0.00047829039879853454
1200,125000,102.0,81131.17,4031.79,87.0,21131.17,4031.79,9.32,8.0,0.0010723375491811593
1200,125000,103.0,90288.79,7716.26,100.0,30288.79,7716.26,35.96,27.87,0.0011075572061603662
1200,125000,104.0,106343.01,11880.2,100.0,46343.01,11880.2,136.34,100.42,0.0009403532963755681
1200,125000,105.0,133251.53,15474.3,100.0,73251.53,15474.3,430.63,226.59,0.0007504604262330046
1200,130000,95.0,75826.63,1882.06,0.0,15826.63,1882.06,0.0,0.0,0.0
1200,130000,96.0,75959.37,1922.31,0.0,15959.37,1922.31,0.0,0.0,0.0
1200,130000,97.0,76378.3,2225.77,0.0,16378.3,2225.77,0.0,0.0,0.0
1200,130000,98.0,76532.13,2125.47,0.0,16532.13,2125.47,0.0,0.0,0.0
1200,130000,99.0,76877.13,2411.81,0.0,16877.13,2411.81,0.0,0.0,0.0
1200,130000,100.0,76880.37,2535.03,1.0,16880.37,2535.03,0.05,0.5,1.3007221479293089e-05
1200,130000,101.0,77516.49,2668.96,35.0,17516.49,2668.96,1.1,2.16,0.0004515168320959837
1200,130000,102.0,81354.75,4299.8,89.0,21354.75,4299.8,9.59,8.53,0.0010939742301463652
1200,130000,103.0,90298.41,7706.2,100.0,30298.41,7706.2,35.47,26.0,0.001107439211831083
1200,130000,104.0,106221.92,11718.5,100.0,46221.92,11718.5,136.18,98.24,0.000941425272674416
1200,130000,105.0,133335.05,15877.49,100.0,73335.05,15877.49,427.95,229.81,0.0007499903438743226
1225,90000,95.0,75352.35,1811.33,0.0,14102.35,1811.33,0.0,0.0,0.0
1225,90000,96.0,75676.25,1849.78,0.0,14426.25,1849.78,0.0,0.0,0.0
1225,90000,97.0,75866.8,1986.71,0.0,14616.8,1986.71,0.0,0.0,0.0
1225,90000,98.0,76087.05,2114.45,0.0,14837.05,2114.45,0.0,0.0,0.0
1225,90000,99.0,76441.22,2392.15,0.0,15191.22,2392.15,0.0,0.0,0.0
1225,90000,100.0,76426.73,2284.67,1.0,15176.73,2284.67,0.02,0.2,1.3084427398633961e-05
1225,90000,101.0,77301.89,2748.29,32.0,16051.89,2748.29,0.95,2.29,0.0004139614180196629
1225,90000,102.0,80941.8,4118.86,87.0,19691.8,4118.86,8.35,7.44,0.0010748463710962691
1225,90000,103.0,89406.17,6734.54,100.0,28156.17,6734.54,31.22,21.2,0.0011184910392649636
1225,90000,104.0,106432.29,12148.67,100.0,45182.29,12148.67,130.27,92.73,0.0009395644874313989
1225,90000,105.0,134697.14,16013.53,100.0,73447.14,16013.53,435.89,235.75,0.000742406260444728
1225,95000,95.0,75949.06,1871.23,0.0,14699.06,1871.23,0.0,0.0,0.0
1225,95000,96.0,76009.06,1805.3,0.0,14759.06,1805.3,0.0,0.0,0.0
1225,95000,97.0,76305.32,2125.18,0.0,15055.32,2125.18,0.0,0.0,0.0
1225,95000,98.0,76669.04,2129.29,0.0,15419.04,2129.29,0.0,0.0,0.0
1225,95000,99.0,76846.33,2387.44,0.0,15596.33,2387.44,0.0,0.0,0.0
1225,95000,100.0,76870.74,2582.7,1.0,15620.74,2582.7,0.04,0.4,1.3008850962017536e-05
1225,95000,101.0,77565.33,2847.39,29.0,16315.33,2847.39,1.25,2.9,0.00037387838097252985
1225,95000,102.0,81811.36,4307.35,90.0,20561.36,4307.35,8.54,7.56,0.0011000917232032324
1225,95000,103.0,90807.04,7528.11,100.0,29557.04,7528.11,33.9,25.4,0.00110123620371284
1225,95000,104.0,107598.07,12310.27,100.0,46348.07,12310.27,135.86,100.55,0.0009293846999300266
1225,95000,105.0,135337.14,15931.75,100.0,74087.14,15931.75,439.92,240.59,0.0007388954724475484
1225,100000,95.0,76032.15,1818.64,0.0,14782.15,1818.64,0.0,0.0,0.0
1225,100000,96.0,76153.44,1937.79,0.0,14903.44,1937.79,0.0,0.0,0.0
1225,100000,97.0,76501.66,2142.56,0.0,15251.66,2142.56,0.0,0.0,0.0
1225,100000,98.0,76905.42,2230.19,0.0,15655.42,2230.19,0.0,0.0,0.0
1225,100000,99.0,77183.91,2484.06,0.0,15933.91,2484.06,0.0,0.0,0.0
1225,100000,100.0,77183.07,2641.41,1.0,15933.07,2641.41,0.05,0.5,1.295620917903369e-05
1225,100000,101.0,77991.81,2913.76,35.0,16741.81,2913.76,1.31,2.85,0.000448765069050199
1225,100000,102.0,82094.87,4152.65,89.0,20844.87,4152.65,9.03,7.51,0.0010841115894330547
1225,100000,103.0,91106.02,7661.09,100.0,29856.02,7661.09,34.63,26.02,0.0010976223086026588
1225,100000,104.0,107835.75,12289.74,100.0,46585.75,12289.74,138.56,103.8,0.000927336249805839
1225,100000,105.0,135461.81,15513.48,100.0,74211.81,15513.48,435.73,228.88,0.0007382154424187895
1225,105000,95.0,76030.73,1820.16,0.0,14780.73,1820.16,0.0,0.0,0.0
1225,105000,96.0,76167.24,1941.36,0.0,14917.24,1941.36,0.0,0.0,0.0
1225,105000,97.0,76511.17,2139.61,0.0,15261.17,2139.61,0.0,0.0,0.0
1225,105000,98.0,76907.01,2235.64,0.0,15657.01,2235.64,0.0,0.0,0.0
1225,105000,99.0,77137.04,2446.33,0.0,15887.04,2446.33,0.0,0.0,0.0
1225,105000,100.0,77245.84,2676.24,1.0,15995.84,2676.24,0.05,0.5,1.2945680958353226e-05
1225,105000,101.0,77985.52,2906.95,35.0,16735.52,2906.95,1.35,2.95,0.0004488012646450264
1225,105000,102.0,82078.98,4145.73,89.0,20828.98,4145.73,8.99,7.5,0.0010843214669578008
1225,105000,103.0,91047.46,7652.5,100.0,29797.46,7652.5,34.44,25.88,0.0010983282784604864
1225,105000,104.0,107643.42,12266.46,100.0,46393.42,12266.46,138.08,103.93,0.0009289931516482847
1225,105000,105.0,135429.09,15593.08,100.0,74179.09,15593.08,436.94,228.1,0.000738393797078604
1225,110000,95.0,76311.72,1835.21,0.0,15061.72,1835.21,0.0,0.0,0.0
1225,110000,96.0,76446.17,1887.56,0.0,15196.17,1887.56,0.0,0.0,0.0
1225,110000,97.0,76798.36,2134.33,0.0,15548.36,2134.33,0.0,0.0,0.0
1225,110000,98.0,77082.17,2181.08,0.0,15832.17,2181.08,0.0,0.0,0.0
1225,110000,99.0,77357.53,2379.74,0.0,16107.53,2379.74,0.0,0.0,0.0
1225,110000,100.0,77409.41,2597.15,1.0,16159.41,2597.15,0.05,0.5,1.2918326079477934e-05
1225,110000,101.0,78238.69,2875.27,35.0,16988.69,2875.27,1.3,2.76,0.0004473490034150623
1225,110000,102.0,82223.62,4136.6,90.0,20973.62,4136.6,8.91,7.64,0.001094575986802819
1225,110000,103.0,91391.4,7825.39,100.0,30141.4,7825.39,34.73,26.29,0.0010941948585971985
1225,110000,104.0,107693.06,11826.36,100.0,46443.06,11826.36,135.05,99.28,0.0009285649418820489
1225,110000,105.0,135233.72,15418.36,100.0,73983.72,15418.36,435.64,226.99,0.0007394605428291109
1225,115000,95.0,76467.43,1926.85,0.0,15217.43,1926.85,0.0,0.0,0.0
1225,115000,96.0,76575.94,1884.21,0.0,15325.94,1884.21,0.0,0.0,0.0
1225,115000,97.0,77094.75,2152.25,0.0,15844.75,2152.25,0.0,0.0,0.0
1225,115000,98.0,77250.07,2216.99,0.0,16000.07,2216.99,0.0,0.0,0.0
1225,115000,99.0,77531.38,2347.26,0.0,16281.38,2347.26,0.0,0.0,0.0
1225,115000,100.0,77696.51,2653.53,1.0,16446.51,2653.53,0.05,0.5,1.2870590969916153e-05
1225,115000,101.0,78405.94,2763.36,32.0,17155.94,2763.36,1.27,2.8,0.00040813234303421395
1225,115000,102.0,82463.33,4137.92,88.0,21213.33,4137.92,9.14,8.13,0.0010671409946699944
1225,115000,103.0,91579.42,7627.36,100.0,30329.42,7627.36,35.57,26.19,0.0010919483875307357
1225,115000,104.0,108469.33,11941.95,100.0,47219.33,11941.95,136.63,98.7,0.0009219195877765632
1225,115000,105.0,135373.91,15269.85,100.0,74123.91,15269.85,437.24,224.88,0.0007386947750862777
1225,120000,95.0,76617.94,1951.65,0.0,15367.94,1951.65,0.0,0.0,0.0
1225,120000,96.0,76895.51,1867.33,0.0,15645.51,1867.33,0.0,0.0,0.0
1225,120000,97.0,77300.6,2187.93,0.0,16050.6,2187.93,0.0,0.0,0.0
1225,120000,98.0,77516.4,2194.04,0.0,16266.4,2194.04,0.0,0.0,0.0
1225,120000,99.0,77753.88,2309.59,0.0,16503.88,2309.59,0.0,0.0,0.0
1225,120000,100.0,77840.82,2594.66,1.0,16590.82,2594.66,0.05,0.5,1.2846730031877875e-05
1225,120000,101.0,78510.0,2750.84,34.0,17260.0,2750.84,1.27,2.77,0.0004330658514838874
1225,120000,102.0,82467.48,4065.44,88.0,21217.48,4065.44,9.05,8.11,0.00106708729307601
1225,120000,103.0,91824.13,7708.48,100.0,30574.13,7708.48,35.79,26.64,0.0010890383606139257
1225,120000,104.0,108658.61,12261.04,100.0,47408.61,12261.04,139.13,101.72,0.0009203136318419681
1225,120000,105.0,135532.84,15737.59,100.0,74282.84,15737.59,439.57,229.51,0.0007378285587463525
1225,125000,95.0,76925.15,1900.19,0.0,15675.15,1900.19,0.0,0.0,0.0
1225,125000,96.0,77008.03,1833.13,0.0,15758.03,1833.13,0.0,0.0,0.0
1225,125000,97.0,77476.79,2191.29,0.0,16226.79,2191.29,0.0,0.0,0.0
1225,125000,98.0,77721.06,2187.99,0.0,16471.06,2187.99,0.0,0.0,0.0
1225,125000,99.0,77972.63,2377.34,0.0,16722.63,2377.34,0.0,0.0,0.0
1225,125000,100.0,77910.89,2519.29,1.0,16660.89,2519.29,0.05,0.5,1.2835176186538237e-05
1225,125000,101.0,78720.32,2799.36,37.0,17470.32,2799.36,1.25,2.66,0.0004700184145592904
1225,125000,102.0,82711.84,4111.74,88.0,21461.84,4111.74,9.34,8.15,0.0010639347401774643
1225,125000,103.0,92024.98,7683.16,100.0,30774.98,7683.16,36.23,26.71,0.0010866614695270785
1225,125000,104.0,108789.01,12051.34,100.0,47539.01,12051.34,137.36,99.15,0.0009192104974574179
1225,125000,105.0,135886.12,15572.11,100.0,74636.12,15572.11,442.23,228.37,0.0007359103343299522
1225,130000,95.0,77076.63,1882.06,0.0,15826.63,1882.06,0.0,0.0,0.0
1225,130000,96.0,77209.37,1922.31,0.0,15959.37,1922.31,0.0,0.0,0.0
1225,130000,97.0,77638.45,2230.5,0.0,16388.45,2230.5,0.0,0.0,0.0
1225,130000,98.0,77813.93,2143.65,0.0,16563.93,2143.65,0.0,0.0,0.0
1225,130000,99.0,78148.32,2423.0,0.0,16898.32,2423.0,0.0,0.0,0.0
1225,130000,100.0,78165.5,2537.17,1.0,16915.5,2537.17,0.05,0.5,1.2793367918071271e-05
1225,130000,101.0,78860.01,2703.78,35.0,17610.01,2703.78,1.21,2.55,0.000443824442832305
1225,130000,102.0,82916.2,4322.36,89.0,21666.2,4322.36,9.58,8.66,0.0010733728752644236
1225,130000,103.0,92219.9,7606.18,100.0,30969.9,7606.18,36.57,27.58,0.0010843646544834685
1225,130000,104.0,109033.46,11870.99,100.0,47783.46,11870.99,138.38,97.85,0.0009171496529597427
1225,130000,105.0,136107.53,15561.37,100.0,74857.53,15561.37,443.9,232.52,0.0007347132080054645
1250,90000,95.0,76602.35,1811.33,0.0,14102.35,1811.33,0.0,0.0,0.0
1250,90000,96.0,76926.25,1849.78,0.0,14426.25,1849.78,0.0,0.0,0.0
1250,90000,97.0,77116.8,1986.71,0.0,14616.8,1986.71,0.0,0.0,0.0
1250,90000,98.0,77337.05,2114.45,0.0,14837.05,2114.45,0.0,0.0,0.0
1250,90000,99.0,77691.22,2392.15,0.0,15191.22,2392.15,0.0,0.0,0.0
1250,90000,100.0,77676.73,2284.67,1.0,15176.73,2284.67,0.02,0.2,1.2873868403059708e-05
1250,90000,101.0,78551.89,2748.29,32.0,16051.89,2748.29,0.95,2.29,0.0004073740300838083
1250,90000,102.0,82191.8,4118.86,87.0,19691.8,4118.86,8.35,7.44,0.0010584997530167244
1250,90000,103.0,90792.05,6865.33,100.0,28292.05,6865.33,31.26,21.14,0.0011014180206306609
1250,90000,104.0,107868.94,12299.6,100.0,45368.94,12299.6,129.79,93.15,0.0009270509193842083
1250,90000,105.0,136157.63,15706.88,100.0,73657.63,15706.88,436.0,233.93,0.0007344428659635159
1250,95000,95.0,77199.06,1871.23,0.0,14699.06,1871.23,0.0,0.0,0.0
1250,95000,96.0,77259.06,1805.3,0.0,14759.06,1805.3,0.0,0.0,0.0
1250,95000,97.0,77555.32,2125.18,0.0,15055.32,2125.18,0.0,0.0,0.0
1250,95000,98.0,77919.04,2129.29,0.0,15419.04,2129.29,0.0,0.0,0.0
1250,95000,99.0,78096.33,2387.44,0.0,15596.33,2387.44,0.0,0.0,0.0
1250,95000,100.0,78128.5,2592.11,1.0,15628.5,2592.11,0.04,0.4,1.279942658568896e-05
1250,95000,101.0,78856.96,2875.74,28.0,16356.96,2875.74,1.24,2.95,0.00035507328712646287
1250,95000,102.0,83093.03,4385.44,90.0,20593.03,4385.44,8.53,7.42,0.001083123337781761
1250,95000,103.0,92155.35,7627.41,100.0,29655.35,7627.41,33.98,25.72,0.0010851241951769484
1250,95000,104.0,108831.42,12336.06,100.0,46331.42,12336.06,133.41,101.56,0.000918852294677401
1250,95000,105.0,138223.61,15607.84,100.0,75723.61,15607.84,450.6,241.31,0.0007234654050780471
1250,100000,95.0,77282.15,1818.64,0.0,14782.15,1818.64,0.0,0.0,0.0
1250,100000,96.0,77403.44,1937.79,0.0,14903.44,1937.79,0.0,0.0,0.0
1250,100000,97.0,77751.66,2142.56,0.0,15251.66,2142.56,0.0,0.0,0.0
1250,100000,98.0,78155.42,2230.19,0.0,15655.42,2230.19,0.0,0.0,0.0
1250,100000,99.0,78433.91,2484.06,0.0,15933.91,2484.06,0.0,0.0,0.0
1250,100000,100.0,78433.07,2641.41,1.0,15933.07,2641.41,0.05,0.5,1.2749724064096941e-05
1250,100000,101.0,79295.97,2965.46,35.0,16795.97,2965.46,1.32,2.9,0.0004413843477795908
1250,100000,102.0,83310.33,4162.7,89.0,20810.33,4162.7,8.83,7.35,0.0010682948921220212
1250,100000,103.0,92521.86,7575.84,100.0,30021.86,7575.84,34.71,26.24,0.001080825655688288
1250,100000,104.0,109432.99,12479.07,100.0,46932.99,12479.07,138.49,105.63,0.0009138012220994783
1250,100000,105.0,138563.27,15116.98,100.0,76063.27,15116.98,445.1,231.4,0.0007216919750811309
1250,105000,95.0,77280.73,1820.16,0.0,14780.73,1820.16,0.0,0.0,0.0
1250,105000,96.0,77417.24,1941.36,0.0,14917.24,1941.36,0.0,0.0,0.0
1250,105000,97.0,77761.17,2139.61,0.0,15261.17,2139.61,0.0,0.0,0.0
1250,105000,98.0,78157.01,2235.64,0.0,15657.01,2235.64,0.0,0.0,0.0
1250,105000,99.0,78387.04,2446.33,0.0,15887.04,2446.33,0.0,0.0,0.0
1250,105000,100.0,78495.84,2676.24,1.0,15995.84,2676.24,0.05,0.5,1.2739528617057924e-05
1250,105000,101.0,79289.68,2958.88,35.0,16789.68,2958.88,1.36,3.0,0.00044141936251981345
1250,105000,102.0,83294.44,4155.66,89.0,20794.44,4155.66,8.79,7.34,0.0010684986897084607
1250,105000,103.0,92489.98,7588.62,100.0,29989.98,7588.62,34.68,26.22,0.0010811982011456809
1250,105000,104.0,109342.29,12433.48,100.0,46842.29,12433.48,138.21,105.68,0.0009145592249805634
1250,105000,105.0,138508.56,15195.9,100.0,76008.56,15195.9,445.85,230.93,0.000721977038819839
1250,110000,95.0,77561.72,1835.21,0.0,15061.72,1835.21,0.0,0.0,0.0
1250,110000,96.0,77696.17,1887.56,0.0,15196.17,1887.56,0.0,0.0,0.0
1250,110000,97.0,78048.36,2134.33,0.0,15548.36,2134.33,0.0,0.0,0.0
1250,110000,98.0,78332.17,2181.08,0.0,15832.17,2181.08,0.0,0.0,0.0
1250,110000,99.0,78607.53,2379.74,0.0,16107.53,2379.74,0.0,0.0,0.0
1250,110000,100.0,78676.04,2621.61,1.0,16176.04,2621.61,0.05,0.5,1.2710349936270306e-05
1250,110000,101.0,79557.73,2918.74,35.0,17057.73,2918.74,1.31,2.81,0.0004399321096768347
1250,110000,102.0,83438.97,4147.56,90.0,20938.97,4147.56,8.71,7.47,0.0010786326820669046
1250,110000,103.0,92851.7,7762.51,100.0,30351.7,7762.51,35.02,26.64,0.0010769862048837016
1250,110000,104.0,109502.03,12135.39,100.0,47002.03,12135.39,135.72,103.19,0.0009132250790236492
1250,110000,105.0,138008.47,15029.5,100.0,75508.47,15029.5,438.84,225.02,0.0007245932079386142
1250,115000,95.0,77717.43,1926.85,0.0,15217.43,1926.85,0.0,0.0,0.0
1250,115000,96.0,77825.94,1884.21,0.0,15325.94,1884.21,0.0,0.0,0.0
1250,115000,97.0,78344.75,2152.25,0.0,15844.75,2152.25,0.0,0.0,0.0
1250,115000,98.0,78500.07,2216.99,0.0,16000.07,2216.99,0.0,0.0,0.0
1250,115000,99.0,78781.38,2347.26,0.0,16281.38,2347.26,0.0,0.0,0.0
1250,115000,100.0,78963.14,2675.73,1.0,16463.14,2675.73,0.05,0.5,1.2664136709862348e-05
1250,115000,101.0,79744.75,2795.72,33.0,17244.75,2795.72,1.29,2.85,0.0004138203455399885
1250,115000,102.0,83686.61,4152.8,89.0,21186.61,4152.8,8.92,8.02,0.0010634915191331086
1250,115000,103.0,92934.67,7486.57,100.0,30434.67,7486.57,35.65,26.29,0.0010760246956275845
1250,115000,104.0,110033.89,11972.66,100.0,47533.89,11972.66,137.73,99.65,0.0009088109127106203
1250,115000,105.0,138592.69,15399.99,100.0,76092.69,15399.99,451.04,233.17,0.000721538776684398
1250,120000,95.0,77867.94,1951.65,0.0,15367.94,1951.65,0.0,0.0,0.0
1250,120000,96.0,78145.51,1867.33,0.0,15645.51,1867.33,0.0,0.0,0.0
1250,120000,97.0,78550.6,2187.93,0.0,16050.6,2187.93,0.0,0.0,0.0
1250,120000,98.0,78766.4,2194.04,0.0,16266.4,2194.04,0.0,0.0,0.0
1250,120000,99.0,79003.88,2309.59,0.0,16503.88,2309.59,0.0,0.0,0.0
1250,120000,100.0,79121.28,2617.01,1.0,16621.28,2617.01,0.05,0.5,1.2638824852176305e-05
1250,120000,101.0,79848.91,2781.59,35.0,17348.91,2781.59,1.29,2.82,0.000438327836910986
1250,120000,102.0,83752.73,4107.21,89.0,21252.73,4107.21,8.9,7.98,0.0010626519278834254
1250,120000,103.0,93172.59,7510.41,100.0,30672.59,7510.41,35.53,27.06,0.0010732770227810562
1250,120000,104.0,110261.23,12217.43,100.0,47761.23,12217.43,138.94,100.25,0.0009069370983799111
1250,120000,105.0,138294.29,15676.08,100.0,75794.29,15676.08,446.91,231.99,0.0007230956534792579
1250,125000,95.0,78175.15,1900.19,0.0,15675.15,1900.19,0.0,0.0,0.0
1250,125000,96.0,78258.03,1833.13,0.0,15758.03,1833.13,0.0,0.0,0.0
1250,125000,97.0,78726.79,2191.29,0.0,16226.79,2191.29,0.0,0.0,0.0
1250,125000,98.0,78971.06,2187.99,0.0,16471.06,2187.99,0.0,0.0,0.0
1250,125000,99.0,79222.63,2377.34,0.0,16722.63,2377.34,0.0,0.0,0.0
1250,125000,100.0,79216.9,2590.82,1.0,16716.9,2590.82,0.05,0.5,1.2623568960663698e-05
1250,125000,101.0,80068.05,2831.32,38.0,17568.05,2831.32,1.27,2.71,0.0004745962965252682
1250,125000,102.0,84085.3,4200.2,89.0,21585.3,4200.2,9.14,7.8,0.001058448979786003
1250,125000,103.0,93376.16,7500.21,100.0,30876.16,7500.21,36.03,27.05,0.001070937164261199
1250,125000,104.0,110368.84,12203.64,100.0,47868.84,12203.64,137.82,100.39,0.0009060528315781882
1250,125000,105.0,138797.42,15823.92,100.0,76297.42,15823.92,450.82,235.58,0.000720474487205886
1250,130000,95.0,78326.63,1882.06,0.0,15826.63,1882.06,0.0,0.0,0.0
1250,130000,96.0,78459.37,1922.31,0.0,15959.37,1922.31,0.0,0.0,0.0
1250,130000,97.0,78888.45,2230.5,0.0,16388.45,2230.5,0.0,0.0,0.0
1250,130000,98.0,79074.38,2149.78,0.0,16574.38,2149.78,0.0,0.0,0.0
1250,130000,99.0,79455.96,2515.76,0.0,16955.96,2515.76,0.0,0.0,0.0
1250,130000,100.0,79477.46,2605.9,1.0,16977.46,2605.9,0.05,0.5,1.2582183678240345e-05
1250,130000,101.0,80200.87,2756.02,37.0,17700.87,2756.02,1.24,2.6,0.0004613416288376922
1250,130000,102.0,84323.01,4406.08,88.0,21823.01,4406.08,9.46,8.39,0.001043606009794954
1250,130000,103.0,93615.49,7446.78,100.0,31115.49,7446.78,35.87,26.67,0.0010681992905233952
1250,130000,104.0,110567.51,12145.39,100.0,48067.51,12145.39,140.28,105.4,0.0009044248170190321
1250,130000,105.0,138654.67,15568.86,100.0,76154.67,15568.86,448.88,238.48,0.0007212162417609158
